2026-01-20 20:34:57 - market_data - INFO - Test log message from market_data
2026-01-20 20:36:51 - market_data.tools.kite_auth_service - INFO - Token validated successfully for user: BV2032
2026-01-20 20:36:53 - market_data.adapters.redis_store - INFO - MarketStore: Detected BACKTEST mode (run_id: bt_2026-01-07_zerodha)
2026-01-20 20:36:54 - market_data.adapters.redis_store - INFO - Initialized technical indicators for BANKNIFTY with 100 OHLC bars
2026-01-20 20:36:54 - market_data.adapters.redis_store - INFO - Initialized technical indicators for BANKNIFTY26JANFUT with 100 OHLC bars
2026-01-20 20:36:54 - market_data.adapters.redis_store - INFO - Technical indicators service initialized in MarketStore (BACKTEST mode)
2026-01-20 20:36:54 - market_data.adapters.redis_store - INFO - MarketStore: Detected BACKTEST mode (run_id: bt_2026-01-07_zerodha)
2026-01-20 20:36:55 - market_data.adapters.redis_store - INFO - Initialized technical indicators for BANKNIFTY with 100 OHLC bars
2026-01-20 20:36:55 - market_data.adapters.redis_store - INFO - Initialized technical indicators for BANKNIFTY26JANFUT with 100 OHLC bars
2026-01-20 20:36:55 - market_data.adapters.redis_store - INFO - Technical indicators service initialized in MarketStore (BACKTEST mode)
2026-01-20 20:51:26 - market_data - INFO - Test log from market_data
2026-01-20 20:54:54 - market_data.tools.kite_auth_service - INFO - Token validated successfully for user: BV2032
2026-01-20 20:54:56 - market_data.adapters.redis_store - INFO - MarketStore: Detected BACKTEST mode (run_id: bt_2026-01-07_zerodha)
2026-01-20 20:54:57 - market_data.adapters.redis_store - INFO - Initialized technical indicators for BANKNIFTY26JANFUT with 100 OHLC bars
2026-01-20 20:54:58 - market_data.adapters.redis_store - INFO - Initialized technical indicators for BANKNIFTY with 100 OHLC bars
2026-01-20 20:54:58 - market_data.adapters.redis_store - INFO - Technical indicators service initialized in MarketStore (BACKTEST mode)
2026-01-20 20:54:58 - market_data.adapters.redis_store - INFO - MarketStore: Detected BACKTEST mode (run_id: bt_2026-01-07_zerodha)
2026-01-20 20:54:59 - market_data.adapters.redis_store - INFO - Initialized technical indicators for BANKNIFTY26JANFUT with 100 OHLC bars
2026-01-20 20:54:59 - market_data.adapters.redis_store - INFO - Initialized technical indicators for BANKNIFTY with 100 OHLC bars
2026-01-20 20:54:59 - market_data.adapters.redis_store - INFO - Technical indicators service initialized in MarketStore (BACKTEST mode)
2026-01-20 21:09:10 - market_data.tools.kite_auth_service - INFO - Token validated successfully for user: BV2032
2026-01-20 21:09:12 - market_data.adapters.redis_store - INFO - MarketStore: Detected BACKTEST mode (run_id: bt_2026-01-07_zerodha)
2026-01-20 21:09:14 - market_data.adapters.redis_store - INFO - Initialized technical indicators for BANKNIFTY with 100 OHLC bars
2026-01-20 21:09:15 - market_data.adapters.redis_store - INFO - Initialized technical indicators for BANKNIFTY26JANFUT with 100 OHLC bars
2026-01-20 21:09:15 - market_data.adapters.redis_store - INFO - Technical indicators service initialized in MarketStore (BACKTEST mode)
2026-01-20 21:09:15 - market_data.adapters.redis_store - INFO - MarketStore: Detected BACKTEST mode (run_id: bt_2026-01-07_zerodha)
2026-01-20 21:09:16 - market_data.adapters.redis_store - INFO - Initialized technical indicators for BANKNIFTY with 100 OHLC bars
2026-01-20 21:09:16 - market_data.adapters.redis_store - INFO - Initialized technical indicators for BANKNIFTY26JANFUT with 100 OHLC bars
2026-01-20 21:09:16 - market_data.adapters.redis_store - INFO - Technical indicators service initialized in MarketStore (BACKTEST mode)
2026-01-20 21:10:20 - market_data.tools.kite_auth_service - INFO - Token validated successfully for user: BV2032
2026-01-20 21:10:23 - market_data.adapters.redis_store - INFO - MarketStore: Detected BACKTEST mode (run_id: bt_2026-01-07_zerodha)
2026-01-20 21:10:24 - market_data.adapters.redis_store - INFO - Initialized technical indicators for BANKNIFTY with 100 OHLC bars
2026-01-20 21:10:24 - market_data.adapters.redis_store - INFO - Initialized technical indicators for BANKNIFTY26JANFUT with 100 OHLC bars
2026-01-20 21:10:24 - market_data.adapters.redis_store - INFO - Technical indicators service initialized in MarketStore (BACKTEST mode)
2026-01-20 21:10:25 - market_data.adapters.redis_store - INFO - MarketStore: Detected BACKTEST mode (run_id: bt_2026-01-07_zerodha)
2026-01-20 21:10:25 - market_data.adapters.redis_store - INFO - Initialized technical indicators for BANKNIFTY with 100 OHLC bars
2026-01-20 21:10:26 - market_data.adapters.redis_store - INFO - Initialized technical indicators for BANKNIFTY26JANFUT with 100 OHLC bars
2026-01-20 21:10:26 - market_data.adapters.redis_store - INFO - Technical indicators service initialized in MarketStore (BACKTEST mode)
2026-01-20 21:35:20 - market_data.tools.kite_auth_service - INFO - Token validated successfully for user: BV2032
2026-01-20 21:35:27 - market_data.adapters.redis_store - INFO - MarketStore: Detected BACKTEST mode (run_id: bt_2026-01-07_zerodha)
2026-01-20 21:35:28 - market_data.adapters.redis_store - INFO - Initialized technical indicators for BANKNIFTY26JANFUT with 100 OHLC bars
2026-01-20 21:35:28 - market_data.adapters.redis_store - INFO - Initialized technical indicators for BANKNIFTY with 100 OHLC bars
2026-01-20 21:35:28 - market_data.adapters.redis_store - INFO - Technical indicators service initialized in MarketStore (BACKTEST mode)
2026-01-20 21:35:28 - market_data.adapters.redis_store - INFO - MarketStore: Detected BACKTEST mode (run_id: bt_2026-01-07_zerodha)
2026-01-20 21:35:29 - market_data.adapters.redis_store - INFO - Initialized technical indicators for BANKNIFTY26JANFUT with 100 OHLC bars
2026-01-20 21:35:29 - market_data.adapters.redis_store - INFO - Initialized technical indicators for BANKNIFTY with 100 OHLC bars
2026-01-20 21:35:29 - market_data.adapters.redis_store - INFO - Technical indicators service initialized in MarketStore (BACKTEST mode)
2026-01-20 23:11:08 - market_data.tools.kite_auth_service - INFO - Token validated successfully for user: BV2032
2026-01-20 23:11:11 - market_data.adapters.redis_store - INFO - MarketStore: Detected BACKTEST mode (run_id: bt_2026-01-07_zerodha)
2026-01-20 23:11:12 - market_data.adapters.redis_store - INFO - Initialized technical indicators for BANKNIFTY with 100 OHLC bars
2026-01-20 23:11:13 - market_data.adapters.redis_store - INFO - Initialized technical indicators for BANKNIFTY26JANFUT with 100 OHLC bars
2026-01-20 23:11:13 - market_data.adapters.redis_store - INFO - Technical indicators service initialized in MarketStore (BACKTEST mode)
2026-01-20 23:11:13 - market_data.adapters.redis_store - INFO - MarketStore: Detected BACKTEST mode (run_id: bt_2026-01-07_zerodha)
2026-01-20 23:11:14 - market_data.adapters.redis_store - INFO - Initialized technical indicators for BANKNIFTY with 100 OHLC bars
2026-01-20 23:11:14 - market_data.adapters.redis_store - INFO - Initialized technical indicators for BANKNIFTY26JANFUT with 100 OHLC bars
2026-01-20 23:11:14 - market_data.adapters.redis_store - INFO - Technical indicators service initialized in MarketStore (BACKTEST mode)
2026-01-20 23:23:46 - market_data.tools.kite_auth_service - INFO - Token validated successfully for user: BV2032
2026-01-20 23:23:48 - market_data.adapters.redis_store - INFO - MarketStore: Detected BACKTEST mode (run_id: bt_2026-01-07_zerodha)
2026-01-20 23:23:50 - market_data.adapters.redis_store - INFO - Initialized technical indicators for BANKNIFTY with 100 OHLC bars
2026-01-20 23:23:51 - market_data.adapters.redis_store - INFO - Initialized technical indicators for BANKNIFTY26JANFUT with 100 OHLC bars
2026-01-20 23:23:51 - market_data.adapters.redis_store - INFO - Technical indicators service initialized in MarketStore (BACKTEST mode)
2026-01-20 23:23:51 - market_data.adapters.redis_store - INFO - MarketStore: Detected BACKTEST mode (run_id: bt_2026-01-07_zerodha)
2026-01-20 23:23:51 - market_data.adapters.redis_store - INFO - Initialized technical indicators for BANKNIFTY with 100 OHLC bars
2026-01-20 23:23:52 - market_data.adapters.redis_store - INFO - Initialized technical indicators for BANKNIFTY26JANFUT with 100 OHLC bars
2026-01-20 23:23:52 - market_data.adapters.redis_store - INFO - Technical indicators service initialized in MarketStore (BACKTEST mode)
2026-01-20 23:24:29 - market_data.tools.kite_auth_service - INFO - Token validated successfully for user: BV2032
2026-01-20 23:24:31 - market_data.adapters.redis_store - INFO - MarketStore: Detected BACKTEST mode (run_id: bt_2026-01-07_zerodha)
2026-01-20 23:24:32 - market_data.adapters.redis_store - INFO - Initialized technical indicators for BANKNIFTY with 100 OHLC bars
2026-01-20 23:24:33 - market_data.adapters.redis_store - INFO - Initialized technical indicators for BANKNIFTY26JANFUT with 100 OHLC bars
2026-01-20 23:24:33 - market_data.adapters.redis_store - INFO - Technical indicators service initialized in MarketStore (BACKTEST mode)
2026-01-20 23:24:33 - market_data.adapters.redis_store - INFO - MarketStore: Detected BACKTEST mode (run_id: bt_2026-01-07_zerodha)
2026-01-20 23:24:33 - market_data.adapters.redis_store - INFO - Initialized technical indicators for BANKNIFTY with 100 OHLC bars
2026-01-20 23:24:34 - market_data.adapters.redis_store - INFO - Initialized technical indicators for BANKNIFTY26JANFUT with 100 OHLC bars
2026-01-20 23:24:34 - market_data.adapters.redis_store - INFO - Technical indicators service initialized in MarketStore (BACKTEST mode)
2026-01-20 23:31:08 - market_data.tools.kite_auth_service - INFO - Token validated successfully for user: BV2032
2026-01-20 23:31:10 - market_data.adapters.redis_store - INFO - MarketStore: Detected BACKTEST mode (run_id: bt_2026-01-07_zerodha)
2026-01-20 23:31:11 - market_data.adapters.redis_store - INFO - Initialized technical indicators for BANKNIFTY26JANFUT with 100 OHLC bars
2026-01-20 23:31:12 - market_data.adapters.redis_store - INFO - Initialized technical indicators for BANKNIFTY with 100 OHLC bars
2026-01-20 23:31:12 - market_data.adapters.redis_store - INFO - Technical indicators service initialized in MarketStore (BACKTEST mode)
2026-01-20 23:31:12 - market_data.adapters.redis_store - INFO - MarketStore: Detected BACKTEST mode (run_id: bt_2026-01-07_zerodha)
2026-01-20 23:31:13 - market_data.adapters.redis_store - INFO - Initialized technical indicators for BANKNIFTY26JANFUT with 100 OHLC bars
2026-01-20 23:31:13 - market_data.adapters.redis_store - INFO - Initialized technical indicators for BANKNIFTY with 100 OHLC bars
2026-01-20 23:31:13 - market_data.adapters.redis_store - INFO - Technical indicators service initialized in MarketStore (BACKTEST mode)
2026-01-20 23:40:00 - market_data.tools.kite_auth_service - INFO - Token validated successfully for user: BV2032
2026-01-20 23:40:02 - market_data.adapters.redis_store - INFO - MarketStore: Detected BACKTEST mode (run_id: bt_2026-01-07_zerodha)
2026-01-20 23:40:03 - market_data.adapters.redis_store - INFO - Initialized technical indicators for BANKNIFTY26JANFUT with 100 OHLC bars
2026-01-20 23:40:03 - market_data.adapters.redis_store - INFO - Initialized technical indicators for BANKNIFTY with 100 OHLC bars
2026-01-20 23:40:03 - market_data.adapters.redis_store - INFO - Technical indicators service initialized in MarketStore (BACKTEST mode)
2026-01-20 23:40:03 - market_data.adapters.redis_store - INFO - MarketStore: Detected BACKTEST mode (run_id: bt_2026-01-07_zerodha)
2026-01-20 23:40:04 - market_data.adapters.redis_store - INFO - Initialized technical indicators for BANKNIFTY26JANFUT with 100 OHLC bars
2026-01-20 23:40:04 - market_data.adapters.redis_store - INFO - Initialized technical indicators for BANKNIFTY with 100 OHLC bars
2026-01-20 23:40:04 - market_data.adapters.redis_store - INFO - Technical indicators service initialized in MarketStore (BACKTEST mode)
2026-01-20 23:45:43 - market_data.tools.kite_auth_service - INFO - Token validated successfully for user: BV2032
2026-01-20 23:45:45 - market_data.adapters.redis_store - INFO - MarketStore: Detected BACKTEST mode (run_id: bt_2026-01-07_zerodha)
2026-01-20 23:45:46 - market_data.adapters.redis_store - INFO - Initialized technical indicators for BANKNIFTY26JANFUT with 100 OHLC bars
2026-01-20 23:45:46 - market_data.adapters.redis_store - INFO - Initialized technical indicators for BANKNIFTY with 100 OHLC bars
2026-01-20 23:45:46 - market_data.adapters.redis_store - INFO - Technical indicators service initialized in MarketStore (BACKTEST mode)
2026-01-20 23:45:46 - market_data.adapters.redis_store - INFO - MarketStore: Detected BACKTEST mode (run_id: bt_2026-01-07_zerodha)
2026-01-20 23:45:47 - market_data.adapters.redis_store - INFO - Initialized technical indicators for BANKNIFTY26JANFUT with 100 OHLC bars
2026-01-20 23:45:47 - market_data.adapters.redis_store - INFO - Initialized technical indicators for BANKNIFTY with 100 OHLC bars
2026-01-20 23:45:47 - market_data.adapters.redis_store - INFO - Technical indicators service initialized in MarketStore (BACKTEST mode)
2026-01-20 23:53:09 - market_data.tools.kite_auth_service - INFO - Token validated successfully for user: BV2032
2026-01-20 23:53:11 - market_data.adapters.redis_store - INFO - MarketStore: Detected BACKTEST mode (run_id: bt_2026-01-07_zerodha)
2026-01-20 23:53:12 - market_data.adapters.redis_store - INFO - Initialized technical indicators for BANKNIFTY26JANFUT with 100 OHLC bars
2026-01-20 23:53:13 - market_data.adapters.redis_store - INFO - Initialized technical indicators for BANKNIFTY with 100 OHLC bars
2026-01-20 23:53:13 - market_data.adapters.redis_store - INFO - Technical indicators service initialized in MarketStore (BACKTEST mode)
2026-01-20 23:53:13 - market_data.adapters.redis_store - INFO - MarketStore: Detected BACKTEST mode (run_id: bt_2026-01-07_zerodha)
2026-01-20 23:53:13 - market_data.adapters.redis_store - INFO - Initialized technical indicators for BANKNIFTY26JANFUT with 100 OHLC bars
2026-01-20 23:53:14 - market_data.adapters.redis_store - INFO - Initialized technical indicators for BANKNIFTY with 100 OHLC bars
2026-01-20 23:53:14 - market_data.adapters.redis_store - INFO - Technical indicators service initialized in MarketStore (BACKTEST mode)
2026-01-21 00:10:32 - market_data.tools.kite_auth_service - INFO - Token validated successfully for user: BV2032
2026-01-21 00:10:34 - market_data.adapters.redis_store - INFO - MarketStore: Detected BACKTEST mode (run_id: bt_2026-01-07_zerodha)
2026-01-21 00:10:37 - market_data.adapters.redis_store - INFO - Initialized technical indicators for BANKNIFTY with 100 OHLC bars
2026-01-21 00:10:38 - market_data.adapters.redis_store - INFO - Initialized technical indicators for BANKNIFTY26JANFUT with 100 OHLC bars
2026-01-21 00:10:38 - market_data.adapters.redis_store - INFO - Technical indicators service initialized in MarketStore (BACKTEST mode)
2026-01-21 00:10:38 - market_data.adapters.redis_store - INFO - MarketStore: Detected BACKTEST mode (run_id: bt_2026-01-07_zerodha)
2026-01-21 00:10:39 - market_data.adapters.redis_store - INFO - Initialized technical indicators for BANKNIFTY with 100 OHLC bars
2026-01-21 00:10:39 - market_data.adapters.redis_store - INFO - Initialized technical indicators for BANKNIFTY26JANFUT with 100 OHLC bars
2026-01-21 00:10:39 - market_data.adapters.redis_store - INFO - Technical indicators service initialized in MarketStore (BACKTEST mode)
2026-01-21 00:13:09 - market_data.tools.kite_auth_service - INFO - Token validated successfully for user: BV2032
2026-01-21 00:13:11 - market_data.adapters.redis_store - INFO - MarketStore: Detected BACKTEST mode (run_id: bt_2026-01-07_zerodha)
2026-01-21 00:13:12 - market_data.adapters.redis_store - INFO - Initialized technical indicators for BANKNIFTY26JANFUT with 100 OHLC bars
2026-01-21 00:13:12 - market_data.adapters.redis_store - INFO - Initialized technical indicators for BANKNIFTY with 100 OHLC bars
2026-01-21 00:13:12 - market_data.adapters.redis_store - INFO - Technical indicators service initialized in MarketStore (BACKTEST mode)
2026-01-21 00:13:12 - market_data.adapters.redis_store - INFO - MarketStore: Detected BACKTEST mode (run_id: bt_2026-01-07_zerodha)
2026-01-21 00:13:13 - market_data.adapters.redis_store - INFO - Initialized technical indicators for BANKNIFTY26JANFUT with 100 OHLC bars
2026-01-21 00:13:13 - market_data.adapters.redis_store - INFO - Initialized technical indicators for BANKNIFTY with 100 OHLC bars
2026-01-21 00:13:13 - market_data.adapters.redis_store - INFO - Technical indicators service initialized in MarketStore (BACKTEST mode)
2026-01-21 00:17:24 - market_data.tools.kite_auth_service - INFO - Token validated successfully for user: BV2032
2026-01-21 00:17:26 - market_data.adapters.redis_store - INFO - MarketStore: Detected BACKTEST mode (run_id: bt_2026-01-07_zerodha)
2026-01-21 00:17:27 - market_data.adapters.redis_store - INFO - Initialized technical indicators for BANKNIFTY26JANFUT with 100 OHLC bars
2026-01-21 00:17:27 - market_data.adapters.redis_store - INFO - Initialized technical indicators for BANKNIFTY with 100 OHLC bars
2026-01-21 00:17:27 - market_data.adapters.redis_store - INFO - Technical indicators service initialized in MarketStore (BACKTEST mode)
2026-01-21 00:17:27 - market_data.adapters.redis_store - INFO - MarketStore: Detected BACKTEST mode (run_id: bt_2026-01-07_zerodha)
2026-01-21 00:17:28 - market_data.adapters.redis_store - INFO - Initialized technical indicators for BANKNIFTY26JANFUT with 100 OHLC bars
2026-01-21 00:17:28 - market_data.adapters.redis_store - INFO - Initialized technical indicators for BANKNIFTY with 100 OHLC bars
2026-01-21 00:17:28 - market_data.adapters.redis_store - INFO - Technical indicators service initialized in MarketStore (BACKTEST mode)
2026-01-21 00:21:37 - market_data.tools.kite_auth_service - INFO - Token validated successfully for user: BV2032
2026-01-21 00:21:40 - market_data.adapters.redis_store - INFO - MarketStore: Detected BACKTEST mode (run_id: bt_2026-01-07_zerodha)
2026-01-21 00:21:40 - market_data.adapters.redis_store - INFO - Initialized technical indicators for BANKNIFTY26JANFUT with 100 OHLC bars
2026-01-21 00:21:41 - market_data.adapters.redis_store - INFO - Initialized technical indicators for BANKNIFTY with 100 OHLC bars
2026-01-21 00:21:41 - market_data.adapters.redis_store - INFO - Technical indicators service initialized in MarketStore (BACKTEST mode)
2026-01-21 00:21:41 - market_data.adapters.redis_store - INFO - MarketStore: Detected BACKTEST mode (run_id: bt_2026-01-07_zerodha)
2026-01-21 00:21:41 - market_data.adapters.redis_store - INFO - Initialized technical indicators for BANKNIFTY26JANFUT with 100 OHLC bars
2026-01-21 00:21:41 - market_data.adapters.redis_store - INFO - Initialized technical indicators for BANKNIFTY with 100 OHLC bars
2026-01-21 00:21:41 - market_data.adapters.redis_store - INFO - Technical indicators service initialized in MarketStore (BACKTEST mode)
2026-01-21 00:25:52 - market_data.tools.kite_auth_service - INFO - Token validated successfully for user: BV2032
2026-01-21 00:25:54 - market_data.adapters.redis_store - INFO - MarketStore: Detected BACKTEST mode (run_id: bt_2026-01-07_zerodha)
2026-01-21 00:25:55 - market_data.adapters.redis_store - INFO - Initialized technical indicators for BANKNIFTY with 100 OHLC bars
2026-01-21 00:25:56 - market_data.adapters.redis_store - INFO - Initialized technical indicators for BANKNIFTY26JANFUT with 100 OHLC bars
2026-01-21 00:25:56 - market_data.adapters.redis_store - INFO - Technical indicators service initialized in MarketStore (BACKTEST mode)
2026-01-21 00:25:56 - market_data.adapters.redis_store - INFO - MarketStore: Detected BACKTEST mode (run_id: bt_2026-01-07_zerodha)
2026-01-21 00:25:57 - market_data.adapters.redis_store - INFO - Initialized technical indicators for BANKNIFTY with 100 OHLC bars
2026-01-21 00:25:58 - market_data.adapters.redis_store - INFO - Initialized technical indicators for BANKNIFTY26JANFUT with 100 OHLC bars
2026-01-21 00:25:58 - market_data.adapters.redis_store - INFO - Technical indicators service initialized in MarketStore (BACKTEST mode)
2026-01-21 00:33:42 - market_data.tools.kite_auth_service - INFO - Token validated successfully for user: BV2032
2026-01-21 00:33:44 - market_data.adapters.redis_store - INFO - MarketStore: Detected BACKTEST mode (run_id: bt_2026-01-07_zerodha)
2026-01-21 00:33:45 - market_data.adapters.redis_store - INFO - Initialized technical indicators for BANKNIFTY26JANFUT with 100 OHLC bars
2026-01-21 00:33:45 - market_data.adapters.redis_store - INFO - Initialized technical indicators for BANKNIFTY with 100 OHLC bars
2026-01-21 00:33:45 - market_data.adapters.redis_store - INFO - Technical indicators service initialized in MarketStore (BACKTEST mode)
2026-01-21 00:33:45 - market_data.adapters.redis_store - INFO - MarketStore: Detected BACKTEST mode (run_id: bt_2026-01-07_zerodha)
2026-01-21 00:33:46 - market_data.adapters.redis_store - INFO - Initialized technical indicators for BANKNIFTY26JANFUT with 100 OHLC bars
2026-01-21 00:33:46 - market_data.adapters.redis_store - INFO - Initialized technical indicators for BANKNIFTY with 100 OHLC bars
2026-01-21 00:33:46 - market_data.adapters.redis_store - INFO - Technical indicators service initialized in MarketStore (BACKTEST mode)
2026-01-21 00:40:06 - market_data.tools.kite_auth_service - INFO - Token validated successfully for user: BV2032
2026-01-21 00:40:08 - market_data.adapters.redis_store - INFO - MarketStore: Detected BACKTEST mode (run_id: bt_2026-01-07_zerodha)
2026-01-21 00:40:09 - market_data.adapters.redis_store - INFO - Initialized technical indicators for BANKNIFTY with 100 OHLC bars
2026-01-21 00:40:10 - market_data.adapters.redis_store - INFO - Initialized technical indicators for BANKNIFTY26JANFUT with 100 OHLC bars
2026-01-21 00:40:10 - market_data.adapters.redis_store - INFO - Technical indicators service initialized in MarketStore (BACKTEST mode)
2026-01-21 00:40:10 - market_data.adapters.redis_store - INFO - MarketStore: Detected BACKTEST mode (run_id: bt_2026-01-07_zerodha)
2026-01-21 00:40:10 - market_data.adapters.redis_store - INFO - Initialized technical indicators for BANKNIFTY with 100 OHLC bars
2026-01-21 00:40:11 - market_data.adapters.redis_store - INFO - Initialized technical indicators for BANKNIFTY26JANFUT with 100 OHLC bars
2026-01-21 00:40:11 - market_data.adapters.redis_store - INFO - Technical indicators service initialized in MarketStore (BACKTEST mode)
2026-01-21 00:42:46 - market_data.tools.kite_auth_service - INFO - Token validated successfully for user: BV2032
2026-01-21 00:42:48 - market_data.adapters.redis_store - INFO - MarketStore: Detected BACKTEST mode (run_id: bt_2026-01-07_zerodha)
2026-01-21 00:42:50 - market_data.adapters.redis_store - INFO - Initialized technical indicators for BANKNIFTY with 100 OHLC bars
2026-01-21 00:42:51 - market_data.adapters.redis_store - INFO - Initialized technical indicators for BANKNIFTY26JANFUT with 100 OHLC bars
2026-01-21 00:42:51 - market_data.adapters.redis_store - INFO - Technical indicators service initialized in MarketStore (BACKTEST mode)
2026-01-21 00:42:51 - market_data.adapters.redis_store - INFO - MarketStore: Detected BACKTEST mode (run_id: bt_2026-01-07_zerodha)
2026-01-21 00:42:52 - market_data.adapters.redis_store - INFO - Initialized technical indicators for BANKNIFTY with 100 OHLC bars
2026-01-21 00:42:52 - market_data.adapters.redis_store - INFO - Initialized technical indicators for BANKNIFTY26JANFUT with 100 OHLC bars
2026-01-21 00:42:52 - market_data.adapters.redis_store - INFO - Technical indicators service initialized in MarketStore (BACKTEST mode)
2026-01-21 00:46:13 - market_data.tools.kite_auth_service - INFO - Token validated successfully for user: BV2032
2026-01-21 00:46:15 - market_data.adapters.redis_store - INFO - MarketStore: Detected BACKTEST mode (run_id: bt_2026-01-07_zerodha)
2026-01-21 00:46:17 - market_data.adapters.redis_store - INFO - Initialized technical indicators for BANKNIFTY with 100 OHLC bars
2026-01-21 00:46:18 - market_data.adapters.redis_store - INFO - Initialized technical indicators for BANKNIFTY26JANFUT with 100 OHLC bars
2026-01-21 00:46:18 - market_data.adapters.redis_store - INFO - Technical indicators service initialized in MarketStore (BACKTEST mode)
2026-01-21 00:46:18 - market_data.adapters.redis_store - INFO - MarketStore: Detected BACKTEST mode (run_id: bt_2026-01-07_zerodha)
2026-01-21 00:46:19 - market_data.adapters.redis_store - INFO - Initialized technical indicators for BANKNIFTY with 100 OHLC bars
2026-01-21 00:46:20 - market_data.adapters.redis_store - INFO - Initialized technical indicators for BANKNIFTY26JANFUT with 100 OHLC bars
2026-01-21 00:46:20 - market_data.adapters.redis_store - INFO - Technical indicators service initialized in MarketStore (BACKTEST mode)
2026-01-21 00:50:54 - market_data.tools.kite_auth_service - INFO - Token validated successfully for user: BV2032
2026-01-21 00:50:56 - market_data.adapters.redis_store - INFO - MarketStore: Detected BACKTEST mode (run_id: bt_2026-01-07_zerodha)
2026-01-21 00:50:58 - market_data.adapters.redis_store - INFO - Initialized technical indicators for BANKNIFTY with 100 OHLC bars
2026-01-21 00:50:59 - market_data.adapters.redis_store - INFO - Initialized technical indicators for BANKNIFTY26JANFUT with 100 OHLC bars
2026-01-21 00:50:59 - market_data.adapters.redis_store - INFO - Technical indicators service initialized in MarketStore (BACKTEST mode)
2026-01-21 00:50:59 - market_data.adapters.redis_store - INFO - MarketStore: Detected BACKTEST mode (run_id: bt_2026-01-07_zerodha)
2026-01-21 00:51:00 - market_data.adapters.redis_store - INFO - Initialized technical indicators for BANKNIFTY with 100 OHLC bars
2026-01-21 00:51:00 - market_data.adapters.redis_store - INFO - Initialized technical indicators for BANKNIFTY26JANFUT with 100 OHLC bars
2026-01-21 00:51:00 - market_data.adapters.redis_store - INFO - Technical indicators service initialized in MarketStore (BACKTEST mode)
2026-01-21 07:55:35 - market_data.tools.kite_auth_service - INFO - Token expired (23h limit)
2026-01-21 07:55:35 - market_data.tools.kite_auth_service - INFO - Attempting to refresh using enctoken...
2026-01-21 07:55:35 - market_data.tools.kite_auth_service - WARNING - Enctoken refresh not implemented - manual login required
2026-01-21 07:55:35 - market_data.tools.kite_auth_service - INFO - Triggering interactive login via in-package helper
2026-01-21 07:56:10 - market_data.tools.kite_auth_service - INFO - Credentials updated successfully
2026-01-21 07:56:10 - market_data.tools.kite_auth_service - INFO - Interactive login succeeded
2026-01-21 07:56:10 - market_data.tools.kite_auth_service - INFO - Token validated successfully for user: BV2032
2026-01-21 07:56:12 - market_data.adapters.redis_store - INFO - MarketStore: Detected BACKTEST mode (run_id: bt_2026-01-07_zerodha)
2026-01-21 07:56:13 - market_data.adapters.redis_store - INFO - Initialized technical indicators for BANKNIFTY26JANFUT with 100 OHLC bars
2026-01-21 07:56:14 - market_data.adapters.redis_store - INFO - Initialized technical indicators for BANKNIFTY with 100 OHLC bars
2026-01-21 07:56:14 - market_data.adapters.redis_store - INFO - Technical indicators service initialized in MarketStore (BACKTEST mode)
2026-01-21 07:56:14 - market_data.adapters.redis_store - INFO - MarketStore: Detected BACKTEST mode (run_id: bt_2026-01-07_zerodha)
2026-01-21 07:56:14 - market_data.adapters.redis_store - INFO - Initialized technical indicators for BANKNIFTY26JANFUT with 100 OHLC bars
2026-01-21 07:56:15 - market_data.adapters.redis_store - INFO - Initialized technical indicators for BANKNIFTY with 100 OHLC bars
2026-01-21 07:56:15 - market_data.adapters.redis_store - INFO - Technical indicators service initialized in MarketStore (BACKTEST mode)
2026-01-21 08:07:48 - market_data.tools.kite_auth_service - INFO - Token validated successfully for user: BV2032
2026-01-21 08:07:50 - market_data.adapters.redis_store - INFO - MarketStore: Detected BACKTEST mode (run_id: bt_2026-01-07_zerodha)
2026-01-21 08:07:50 - market_data.adapters.redis_store - INFO - Initialized technical indicators for BANKNIFTY26JANFUT with 100 OHLC bars
2026-01-21 08:07:51 - market_data.adapters.redis_store - INFO - Initialized technical indicators for BANKNIFTY with 100 OHLC bars
2026-01-21 08:07:51 - market_data.adapters.redis_store - INFO - Technical indicators service initialized in MarketStore (BACKTEST mode)
2026-01-21 08:07:51 - market_data.adapters.redis_store - INFO - MarketStore: Detected BACKTEST mode (run_id: bt_2026-01-07_zerodha)
2026-01-21 08:07:51 - market_data.adapters.redis_store - INFO - Initialized technical indicators for BANKNIFTY26JANFUT with 100 OHLC bars
2026-01-21 08:07:52 - market_data.adapters.redis_store - INFO - Initialized technical indicators for BANKNIFTY with 100 OHLC bars
2026-01-21 08:07:52 - market_data.adapters.redis_store - INFO - Technical indicators service initialized in MarketStore (BACKTEST mode)
2026-01-21 08:17:38 - market_data.tools.kite_auth_service - INFO - Token validated successfully for user: BV2032
2026-01-21 08:17:40 - market_data.adapters.redis_store - INFO - MarketStore: Detected BACKTEST mode (run_id: bt_2026-01-07_zerodha)
2026-01-21 08:17:41 - market_data.adapters.redis_store - INFO - Initialized technical indicators for BANKNIFTY26JANFUT with 100 OHLC bars
2026-01-21 08:17:41 - market_data.adapters.redis_store - INFO - Initialized technical indicators for BANKNIFTY with 100 OHLC bars
2026-01-21 08:17:41 - market_data.adapters.redis_store - INFO - Technical indicators service initialized in MarketStore (BACKTEST mode)
2026-01-21 08:17:41 - market_data.adapters.redis_store - INFO - MarketStore: Detected BACKTEST mode (run_id: bt_2026-01-07_zerodha)
2026-01-21 08:17:41 - market_data.adapters.redis_store - INFO - Initialized technical indicators for BANKNIFTY26JANFUT with 100 OHLC bars
2026-01-21 08:17:42 - market_data.adapters.redis_store - INFO - Initialized technical indicators for BANKNIFTY with 100 OHLC bars
2026-01-21 08:17:42 - market_data.adapters.redis_store - INFO - Technical indicators service initialized in MarketStore (BACKTEST mode)
2026-01-21 08:42:48 - market_data.tools.kite_auth_service - INFO - Token validated successfully for user: BV2032
2026-01-21 08:42:50 - market_data.adapters.redis_store - INFO - MarketStore: Detected BACKTEST mode (run_id: bt_2026-01-07_zerodha)
2026-01-21 08:42:51 - market_data.adapters.redis_store - INFO - Initialized technical indicators for BANKNIFTY with 100 OHLC bars
2026-01-21 08:42:52 - market_data.adapters.redis_store - INFO - Initialized technical indicators for BANKNIFTY26JANFUT with 100 OHLC bars
2026-01-21 08:42:52 - market_data.adapters.redis_store - INFO - Technical indicators service initialized in MarketStore (BACKTEST mode)
2026-01-21 08:42:52 - market_data.adapters.redis_store - INFO - MarketStore: Detected BACKTEST mode (run_id: bt_2026-01-07_zerodha)
2026-01-21 08:42:53 - market_data.adapters.redis_store - INFO - Initialized technical indicators for BANKNIFTY with 100 OHLC bars
2026-01-21 08:42:53 - market_data.adapters.redis_store - INFO - Initialized technical indicators for BANKNIFTY26JANFUT with 100 OHLC bars
2026-01-21 08:42:53 - market_data.adapters.redis_store - INFO - Technical indicators service initialized in MarketStore (BACKTEST mode)
2026-01-21 09:03:59 - market_data.tools.kite_auth_service - INFO - Token validated successfully for user: BV2032
2026-01-21 09:04:01 - market_data.adapters.redis_store - INFO - MarketStore: Detected BACKTEST mode (run_id: bt_2026-01-07_zerodha)
2026-01-21 09:04:02 - market_data.adapters.redis_store - INFO - Initialized technical indicators for BANKNIFTY with 100 OHLC bars
2026-01-21 09:04:03 - market_data.adapters.redis_store - INFO - Initialized technical indicators for BANKNIFTY26JANFUT with 100 OHLC bars
2026-01-21 09:04:03 - market_data.adapters.redis_store - INFO - Technical indicators service initialized in MarketStore (BACKTEST mode)
2026-01-21 09:04:03 - market_data.adapters.redis_store - INFO - MarketStore: Detected BACKTEST mode (run_id: bt_2026-01-07_zerodha)
2026-01-21 09:04:04 - market_data.adapters.redis_store - INFO - Initialized technical indicators for BANKNIFTY with 100 OHLC bars
2026-01-21 09:04:04 - market_data.adapters.redis_store - INFO - Initialized technical indicators for BANKNIFTY26JANFUT with 100 OHLC bars
2026-01-21 09:04:04 - market_data.adapters.redis_store - INFO - Technical indicators service initialized in MarketStore (BACKTEST mode)
2026-01-21 09:11:50 - market_data.tools.kite_auth_service - INFO - Token validated successfully for user: BV2032
2026-01-21 09:11:52 - market_data.adapters.redis_store - INFO - MarketStore: Detected BACKTEST mode (run_id: bt_2026-01-07_zerodha)
2026-01-21 09:11:54 - market_data.adapters.redis_store - INFO - Initialized technical indicators for BANKNIFTY26JANFUT with 100 OHLC bars
2026-01-21 09:11:55 - market_data.adapters.redis_store - INFO - Initialized technical indicators for BANKNIFTY with 100 OHLC bars
2026-01-21 09:11:55 - market_data.adapters.redis_store - INFO - Technical indicators service initialized in MarketStore (BACKTEST mode)
2026-01-21 09:11:55 - market_data.adapters.redis_store - INFO - MarketStore: Detected BACKTEST mode (run_id: bt_2026-01-07_zerodha)
2026-01-21 09:11:55 - market_data.adapters.redis_store - INFO - Initialized technical indicators for BANKNIFTY26JANFUT with 100 OHLC bars
2026-01-21 09:11:56 - market_data.adapters.redis_store - INFO - Initialized technical indicators for BANKNIFTY with 100 OHLC bars
2026-01-21 09:11:56 - market_data.adapters.redis_store - INFO - Technical indicators service initialized in MarketStore (BACKTEST mode)
2026-01-21 09:35:43 - market_data.tools.kite_auth_service - INFO - Token validated successfully for user: BV2032
2026-01-21 09:35:45 - market_data.adapters.redis_store - INFO - MarketStore: Detected BACKTEST mode (run_id: bt_2026-01-07_zerodha)
2026-01-21 09:35:46 - market_data.adapters.redis_store - INFO - Initialized technical indicators for BANKNIFTY with 100 OHLC bars
2026-01-21 09:35:46 - market_data.adapters.redis_store - INFO - Initialized technical indicators for BANKNIFTY26JANFUT with 100 OHLC bars
2026-01-21 09:35:46 - market_data.adapters.redis_store - INFO - Technical indicators service initialized in MarketStore (BACKTEST mode)
2026-01-21 09:35:46 - market_data.adapters.redis_store - INFO - MarketStore: Detected BACKTEST mode (run_id: bt_2026-01-07_zerodha)
2026-01-21 09:35:47 - market_data.adapters.redis_store - INFO - Initialized technical indicators for BANKNIFTY with 100 OHLC bars
2026-01-21 09:35:47 - market_data.adapters.redis_store - INFO - Initialized technical indicators for BANKNIFTY26JANFUT with 100 OHLC bars
2026-01-21 09:35:47 - market_data.adapters.redis_store - INFO - Technical indicators service initialized in MarketStore (BACKTEST mode)
2026-01-21 11:14:43 - market_data.tools.kite_auth_service - INFO - Token validated successfully for user: BV2032
2026-01-22 08:28:36 - market_data.tools.kite_auth_service - INFO - Token expired (23h limit)
2026-01-22 08:28:36 - market_data.tools.kite_auth_service - INFO - Attempting to refresh using enctoken...
2026-01-22 08:28:36 - market_data.tools.kite_auth_service - WARNING - Enctoken refresh not implemented - manual login required
2026-01-22 08:28:36 - market_data.tools.kite_auth_service - INFO - Triggering interactive login via in-package helper
2026-01-22 08:29:10 - market_data.tools.kite_auth_service - INFO - Credentials updated successfully
2026-01-22 08:29:10 - market_data.tools.kite_auth_service - INFO - Interactive login succeeded
2026-01-22 08:29:11 - market_data.tools.kite_auth_service - INFO - Token validated successfully for user: BV2032
2026-01-22 08:29:13 - market_data.adapters.redis_store - INFO - MarketStore: Detected BACKTEST mode (run_id: bt_2026-01-07_zerodha)
2026-01-22 08:29:14 - market_data.adapters.redis_store - INFO - Initialized technical indicators for BANKNIFTY with 100 OHLC bars
2026-01-22 08:29:14 - market_data.adapters.redis_store - INFO - Initialized technical indicators for BANKNIFTY26JANFUT with 100 OHLC bars
2026-01-22 08:29:14 - market_data.adapters.redis_store - INFO - Technical indicators service initialized in MarketStore (BACKTEST mode)
2026-01-22 08:29:14 - market_data.adapters.redis_store - INFO - MarketStore: Detected BACKTEST mode (run_id: bt_2026-01-07_zerodha)
2026-01-22 08:29:15 - market_data.adapters.redis_store - INFO - Initialized technical indicators for BANKNIFTY with 100 OHLC bars
2026-01-22 08:29:15 - market_data.adapters.redis_store - INFO - Initialized technical indicators for BANKNIFTY26JANFUT with 100 OHLC bars
2026-01-22 08:29:15 - market_data.adapters.redis_store - INFO - Technical indicators service initialized in MarketStore (BACKTEST mode)
2026-01-22 08:36:43 - market_data.tools.kite_auth_service - INFO - Token validated successfully for user: BV2032
2026-01-22 08:36:45 - market_data.adapters.redis_store - INFO - MarketStore: Detected BACKTEST mode (run_id: bt_2026-01-07_zerodha)
2026-01-22 08:36:47 - market_data.adapters.redis_store - INFO - Initialized technical indicators for BANKNIFTY26JANFUT with 100 OHLC bars
2026-01-22 08:36:48 - market_data.adapters.redis_store - INFO - Initialized technical indicators for BANKNIFTY with 100 OHLC bars
2026-01-22 08:36:48 - market_data.adapters.redis_store - INFO - Technical indicators service initialized in MarketStore (BACKTEST mode)
2026-01-22 08:36:48 - market_data.adapters.redis_store - INFO - MarketStore: Detected BACKTEST mode (run_id: bt_2026-01-07_zerodha)
2026-01-22 08:36:49 - market_data.adapters.redis_store - INFO - Initialized technical indicators for BANKNIFTY26JANFUT with 100 OHLC bars
2026-01-22 08:36:50 - market_data.adapters.redis_store - INFO - Initialized technical indicators for BANKNIFTY with 100 OHLC bars
2026-01-22 08:36:50 - market_data.adapters.redis_store - INFO - Technical indicators service initialized in MarketStore (BACKTEST mode)
2026-01-22 09:01:49 - market_data.tools.kite_auth_service - INFO - Token validated successfully for user: BV2032
2026-01-22 09:44:59 - market_data.tools.kite_auth_service - INFO - Token validated successfully for user: BV2032
2026-01-22 10:17:44 - market_data.tools.kite_auth_service - INFO - Token validated successfully for user: BV2032
2026-01-22 11:17:35 - market_data.tools.kite_auth_service - INFO - Token validated successfully for user: BV2032
2026-01-22 12:18:25 - market_data.tools.kite_auth_service - INFO - Token validated successfully for user: BV2032
2026-01-22 14:19:32 - market_data.tools.kite_auth_service - INFO - Token validated successfully for user: BV2032
2026-01-22 14:30:08 - market_data.tools.kite_auth_service - INFO - Token validated successfully for user: BV2032
2026-01-22 14:33:05 - market_data.tools.kite_auth_service - INFO - Token validated successfully for user: BV2032
2026-01-22 14:39:01 - market_data.tools.kite_auth_service - INFO - Token validated successfully for user: BV2032
2026-01-22 15:14:12 - market_data.tools.kite_auth_service - INFO - Token validated successfully for user: BV2032
2026-01-22 15:23:25 - market_data.tools.kite_auth_service - INFO - Token validated successfully for user: BV2032
2026-01-22 15:27:25 - market_data.tools.kite_auth_service - INFO - Token validated successfully for user: BV2032
2026-01-22 16:08:12 - market_data.tools.kite_auth_service - INFO - Token validated successfully for user: BV2032
2026-01-22 16:08:14 - market_data.adapters.redis_store - INFO - MarketStore: Detected BACKTEST mode (run_id: bt_2026-01-07_zerodha)
2026-01-22 16:08:15 - market_data.adapters.redis_store - INFO - Initialized technical indicators for BANKNIFTY26JANFUT with 100 OHLC bars
2026-01-22 16:08:16 - market_data.adapters.redis_store - INFO - Initialized technical indicators for BANKNIFTY with 100 OHLC bars
2026-01-22 16:08:16 - market_data.adapters.redis_store - INFO - Technical indicators service initialized in MarketStore (BACKTEST mode)
2026-01-22 16:08:16 - market_data.adapters.redis_store - INFO - MarketStore: Detected BACKTEST mode (run_id: bt_2026-01-07_zerodha)
2026-01-22 16:08:16 - market_data.adapters.redis_store - INFO - Initialized technical indicators for BANKNIFTY26JANFUT with 100 OHLC bars
2026-01-22 16:08:17 - market_data.adapters.redis_store - INFO - Initialized technical indicators for BANKNIFTY with 100 OHLC bars
2026-01-22 16:08:17 - market_data.adapters.redis_store - INFO - Technical indicators service initialized in MarketStore (BACKTEST mode)
2026-01-22 19:38:32 - market_data.tools.kite_auth_service - INFO - Token validated successfully for user: BV2032
2026-01-22 19:38:34 - market_data.adapters.redis_store - INFO - MarketStore: Detected BACKTEST mode (run_id: bt_2026-01-07_zerodha)
2026-01-22 19:38:36 - market_data.adapters.redis_store - INFO - Initialized technical indicators for BANKNIFTY26JANFUT with 100 OHLC bars
2026-01-22 19:38:36 - market_data.adapters.redis_store - INFO - Initialized technical indicators for BANKNIFTY with 100 OHLC bars
2026-01-22 19:38:36 - market_data.adapters.redis_store - INFO - Technical indicators service initialized in MarketStore (BACKTEST mode)
2026-01-22 19:38:37 - market_data.adapters.redis_store - INFO - MarketStore: Detected BACKTEST mode (run_id: bt_2026-01-07_zerodha)
2026-01-22 19:38:37 - market_data.adapters.redis_store - INFO - Initialized technical indicators for BANKNIFTY26JANFUT with 100 OHLC bars
2026-01-22 19:38:38 - market_data.adapters.redis_store - INFO - Initialized technical indicators for BANKNIFTY with 100 OHLC bars
2026-01-22 19:38:38 - market_data.adapters.redis_store - INFO - Technical indicators service initialized in MarketStore (BACKTEST mode)
2026-01-22 19:51:06 - market_data.tools.kite_auth_service - INFO - Token validated successfully for user: BV2032
2026-01-22 19:51:08 - market_data.adapters.redis_store - INFO - MarketStore: Detected BACKTEST mode (run_id: bt_2026-01-07_zerodha)
2026-01-22 19:51:10 - market_data.adapters.redis_store - INFO - Initialized technical indicators for BANKNIFTY26JANFUT with 100 OHLC bars
2026-01-22 19:51:10 - market_data.adapters.redis_store - INFO - Initialized technical indicators for BANKNIFTY with 100 OHLC bars
2026-01-22 19:51:10 - market_data.adapters.redis_store - INFO - Technical indicators service initialized in MarketStore (BACKTEST mode)
2026-01-22 19:51:10 - market_data.adapters.redis_store - INFO - MarketStore: Detected BACKTEST mode (run_id: bt_2026-01-07_zerodha)
2026-01-22 19:51:11 - market_data.adapters.redis_store - INFO - Initialized technical indicators for BANKNIFTY26JANFUT with 100 OHLC bars
2026-01-22 19:51:12 - market_data.adapters.redis_store - INFO - Initialized technical indicators for BANKNIFTY with 100 OHLC bars
2026-01-22 19:51:12 - market_data.adapters.redis_store - INFO - Technical indicators service initialized in MarketStore (BACKTEST mode)
2026-01-22 21:21:56 - market_data.tools.kite_auth_service - INFO - Token validated successfully for user: BV2032
2026-01-22 21:21:58 - market_data.adapters.redis_store - INFO - MarketStore: Detected BACKTEST mode (run_id: bt_2026-01-07_zerodha)
2026-01-22 21:22:02 - market_data.adapters.redis_store - INFO - Initialized technical indicators for BANKNIFTY26JANFUT with 100 OHLC bars
2026-01-22 21:22:03 - market_data.adapters.redis_store - INFO - Initialized technical indicators for BANKNIFTY with 100 OHLC bars
2026-01-22 21:22:03 - market_data.adapters.redis_store - INFO - Technical indicators service initialized in MarketStore (BACKTEST mode)
2026-01-22 21:22:04 - market_data.adapters.redis_store - INFO - MarketStore: Detected BACKTEST mode (run_id: bt_2026-01-07_zerodha)
2026-01-22 21:22:05 - market_data.adapters.redis_store - INFO - Initialized technical indicators for BANKNIFTY26JANFUT with 100 OHLC bars
2026-01-22 21:22:06 - market_data.adapters.redis_store - INFO - Initialized technical indicators for BANKNIFTY with 100 OHLC bars
2026-01-22 21:22:06 - market_data.adapters.redis_store - INFO - Technical indicators service initialized in MarketStore (BACKTEST mode)
2026-01-23 09:52:37 - market_data.tools.kite_auth_service - INFO - Token expired (23h limit)
2026-01-23 09:52:37 - market_data.tools.kite_auth_service - INFO - Attempting to refresh using enctoken...
2026-01-23 09:52:37 - market_data.tools.kite_auth_service - WARNING - Enctoken refresh not implemented - manual login required
2026-01-23 09:52:37 - market_data.tools.kite_auth_service - INFO - Triggering interactive login via in-package helper
2026-01-23 09:53:25 - market_data.tools.kite_auth_service - INFO - Credentials updated successfully
2026-01-23 09:53:25 - market_data.tools.kite_auth_service - INFO - Interactive login succeeded
2026-01-23 09:53:25 - market_data.tools.kite_auth_service - INFO - Token validated successfully for user: BV2032
2026-01-23 10:22:47 - market_data.tools.kite_auth_service - INFO - Token validated successfully for user: BV2032
2026-01-23 10:29:46 - market_data.tools.kite_auth_service - INFO - Token validated successfully for user: BV2032
2026-01-23 10:35:59 - market_data.tools.kite_auth_service - INFO - Token validated successfully for user: BV2032
2026-01-23 10:42:23 - market_data.tools.kite_auth_service - INFO - Token validated successfully for user: BV2032
2026-01-23 10:52:39 - market_data.tools.kite_auth_service - INFO - Token validated successfully for user: BV2032
2026-01-23 10:57:48 - market_data.tools.kite_auth_service - INFO - Token validated successfully for user: BV2032
2026-01-23 11:01:35 - market_data.tools.kite_auth_service - INFO - Token validated successfully for user: BV2032
2026-01-23 11:03:29 - market_data.tools.kite_auth_service - INFO - Token validated successfully for user: BV2032
2026-01-23 11:26:16 - market_data.tools.kite_auth_service - INFO - Token validated successfully for user: BV2032
2026-01-23 11:54:16 - market_data.tools.kite_auth_service - INFO - Token validated successfully for user: BV2032
2026-01-23 12:19:43 - market_data.tools.kite_auth_service - INFO - Token validated successfully for user: BV2032
2026-01-23 12:34:18 - market_data.tools.kite_auth_service - INFO - Token validated successfully for user: BV2032
2026-01-23 12:40:19 - market_data.circuit_breaker - INFO - Registered fallback for service: redis_get
2026-01-23 12:40:19 - market_data.circuit_breaker - INFO - Registered fallback for service: redis_set
2026-01-23 12:40:19 - market_data.circuit_breaker - INFO - Registered fallback for service: market_data_api
2026-01-23 12:40:20 - market_data.adapters.redis_store - INFO - MarketStore: Detected BACKTEST mode (run_id: bt_2026-01-07_zerodha)
2026-01-23 12:40:24 - market_data.adapters.redis_store - INFO - Initialized technical indicators for BANKNIFTY with 100 OHLC bars
2026-01-23 12:40:24 - market_data.adapters.redis_store - INFO - Initialized technical indicators for BANKNIFTY26JANFUT with 100 OHLC bars
2026-01-23 12:40:24 - market_data.adapters.redis_store - INFO - Technical indicators service initialized in MarketStore (BACKTEST mode)
2026-01-23 12:40:25 - market_data.adapters.zerodha_options_chain - INFO - Initializing ZerodhaOptionsChainAdapter for BANKNIFTY26JANFUT
2026-01-23 12:40:25 - market_data.adapters.zerodha_options_chain - INFO - Downloading NFO instruments...
2026-01-23 12:40:31 - market_data.adapters.zerodha_options_chain - INFO - Loaded 46315 NFO instruments
2026-01-23 12:40:31 - market_data.adapters.zerodha_options_chain - INFO - Filtered 0 BANKNIFTY26JANFUT options
2026-01-23 12:40:31 - market_data.adapters.zerodha_options_chain - WARNING - No options data available, initializing...
2026-01-23 12:40:31 - market_data.adapters.zerodha_options_chain - INFO - Initializing ZerodhaOptionsChainAdapter for BANKNIFTY26JANFUT
2026-01-23 12:40:31 - market_data.adapters.zerodha_options_chain - INFO - Downloading NFO instruments...
2026-01-23 12:40:35 - market_data.adapters.zerodha_options_chain - INFO - Loaded 46315 NFO instruments
2026-01-23 12:40:35 - market_data.adapters.zerodha_options_chain - INFO - Filtered 0 BANKNIFTY26JANFUT options
2026-01-23 12:40:36 - market_data.adapters.zerodha_options_chain - INFO - Retrieved last prices for 276 option contracts
2026-01-23 12:40:36 - market_data.adapters.zerodha_options_chain - INFO - Using underlying price 59026 for BANKNIFTY
2026-01-23 12:40:39 - market_data.adapters.zerodha_options_chain - INFO - Initializing ZerodhaOptionsChainAdapter for BANKNIFTY26JANFUT
2026-01-23 12:40:39 - market_data.adapters.zerodha_options_chain - INFO - Downloading NFO instruments...
2026-01-23 12:40:48 - market_data.adapters.zerodha_options_chain - INFO - Loaded 46315 NFO instruments
2026-01-23 12:40:48 - market_data.adapters.zerodha_options_chain - INFO - Filtered 0 BANKNIFTY26JANFUT options
2026-01-23 12:40:48 - market_data.adapters.zerodha_options_chain - WARNING - No options data available, initializing...
2026-01-23 12:40:48 - market_data.adapters.zerodha_options_chain - INFO - Initializing ZerodhaOptionsChainAdapter for BANKNIFTY26JANFUT
2026-01-23 12:40:48 - market_data.adapters.zerodha_options_chain - INFO - Downloading NFO instruments...
2026-01-23 12:40:57 - market_data.adapters.zerodha_options_chain - INFO - Loaded 46315 NFO instruments
2026-01-23 12:40:57 - market_data.adapters.zerodha_options_chain - INFO - Filtered 0 BANKNIFTY26JANFUT options
2026-01-23 12:40:58 - market_data.adapters.zerodha_options_chain - INFO - Retrieved last prices for 276 option contracts
2026-01-23 12:40:58 - market_data.adapters.zerodha_options_chain - INFO - Using underlying price 59000.9 for BANKNIFTY
2026-01-23 12:41:37 - market_data.adapters.zerodha_options_chain - INFO - Initializing ZerodhaOptionsChainAdapter for BANKNIFTY26JANFUT
2026-01-23 12:41:37 - market_data.adapters.zerodha_options_chain - INFO - Downloading NFO instruments...
2026-01-23 12:41:45 - market_data.adapters.zerodha_options_chain - INFO - Loaded 46315 NFO instruments
2026-01-23 12:41:45 - market_data.adapters.zerodha_options_chain - INFO - Filtered 0 BANKNIFTY26JANFUT options
2026-01-23 12:41:45 - market_data.adapters.zerodha_options_chain - WARNING - No options data available, initializing...
2026-01-23 12:41:45 - market_data.adapters.zerodha_options_chain - INFO - Initializing ZerodhaOptionsChainAdapter for BANKNIFTY26JANFUT
2026-01-23 12:41:45 - market_data.adapters.zerodha_options_chain - INFO - Downloading NFO instruments...
2026-01-23 12:41:50 - market_data.adapters.zerodha_options_chain - INFO - Loaded 46315 NFO instruments
2026-01-23 12:41:50 - market_data.adapters.zerodha_options_chain - INFO - Filtered 0 BANKNIFTY26JANFUT options
2026-01-23 12:41:51 - market_data.adapters.zerodha_options_chain - INFO - Retrieved last prices for 276 option contracts
2026-01-23 12:41:51 - market_data.adapters.zerodha_options_chain - INFO - Using underlying price 59001.9 for BANKNIFTY
2026-01-23 12:44:15 - market_data.adapters.zerodha_options_chain - INFO - Initializing ZerodhaOptionsChainAdapter for BANKNIFTY26JANFUT
2026-01-23 12:44:15 - market_data.adapters.zerodha_options_chain - INFO - Downloading NFO instruments...
2026-01-23 12:44:25 - market_data.adapters.zerodha_options_chain - INFO - Loaded 46315 NFO instruments
2026-01-23 12:44:25 - market_data.adapters.zerodha_options_chain - INFO - Filtered 0 BANKNIFTY26JANFUT options
2026-01-23 12:44:25 - market_data.adapters.zerodha_options_chain - WARNING - No options data available, initializing...
2026-01-23 12:44:25 - market_data.adapters.zerodha_options_chain - INFO - Initializing ZerodhaOptionsChainAdapter for BANKNIFTY26JANFUT
2026-01-23 12:44:25 - market_data.adapters.zerodha_options_chain - INFO - Downloading NFO instruments...
2026-01-23 12:44:33 - market_data.adapters.zerodha_options_chain - INFO - Loaded 46315 NFO instruments
2026-01-23 12:44:33 - market_data.adapters.zerodha_options_chain - INFO - Filtered 0 BANKNIFTY26JANFUT options
2026-01-23 12:44:33 - market_data.adapters.zerodha_options_chain - INFO - Retrieved last prices for 276 option contracts
2026-01-23 12:44:34 - market_data.adapters.zerodha_options_chain - INFO - Using underlying price 59058.05 for BANKNIFTY
2026-01-23 12:44:40 - market_data.adapters.zerodha_options_chain - INFO - Initializing ZerodhaOptionsChainAdapter for BANKNIFTY26JANFUT
2026-01-23 12:44:40 - market_data.adapters.zerodha_options_chain - INFO - Downloading NFO instruments...
2026-01-23 12:44:48 - market_data.adapters.zerodha_options_chain - INFO - Loaded 46315 NFO instruments
2026-01-23 12:44:48 - market_data.adapters.zerodha_options_chain - INFO - Filtered 0 BANKNIFTY26JANFUT options
2026-01-23 12:44:48 - market_data.adapters.zerodha_options_chain - WARNING - No options data available, initializing...
2026-01-23 12:44:48 - market_data.adapters.zerodha_options_chain - INFO - Initializing ZerodhaOptionsChainAdapter for BANKNIFTY26JANFUT
2026-01-23 12:44:48 - market_data.adapters.zerodha_options_chain - INFO - Downloading NFO instruments...
2026-01-23 12:44:58 - market_data.adapters.zerodha_options_chain - INFO - Loaded 46315 NFO instruments
2026-01-23 12:44:58 - market_data.adapters.zerodha_options_chain - INFO - Filtered 0 BANKNIFTY26JANFUT options
2026-01-23 12:44:59 - market_data.adapters.zerodha_options_chain - INFO - Retrieved last prices for 276 option contracts
2026-01-23 12:44:59 - market_data.adapters.zerodha_options_chain - INFO - Using underlying price 59054 for BANKNIFTY
2026-01-23 12:47:35 - market_data.tools.kite_auth_service - INFO - Token validated successfully for user: BV2032
2026-01-23 12:51:34 - market_data.circuit_breaker - INFO - Registered fallback for service: redis_get
2026-01-23 12:51:34 - market_data.circuit_breaker - INFO - Registered fallback for service: redis_set
2026-01-23 12:51:34 - market_data.circuit_breaker - INFO - Registered fallback for service: market_data_api
2026-01-23 12:51:34 - market_data.adapters.redis_store - INFO - MarketStore: Detected BACKTEST mode (run_id: bt_2026-01-07_zerodha)
2026-01-23 12:51:36 - market_data.adapters.redis_store - INFO - Initialized technical indicators for BANKNIFTY with 100 OHLC bars
2026-01-23 12:51:37 - market_data.adapters.redis_store - INFO - Initialized technical indicators for BANKNIFTY26JANFUT with 100 OHLC bars
2026-01-23 12:51:37 - market_data.adapters.redis_store - INFO - Technical indicators service initialized in MarketStore (BACKTEST mode)
2026-01-23 12:51:38 - market_data.adapters.zerodha_options_chain - INFO - Initializing ZerodhaOptionsChainAdapter for BANKNIFTY26JANFUT
2026-01-23 12:51:38 - market_data.adapters.zerodha_options_chain - INFO - Downloading NFO instruments...
2026-01-23 12:51:42 - market_data.adapters.zerodha_options_chain - INFO - Loaded 46315 NFO instruments
2026-01-23 12:51:42 - market_data.adapters.zerodha_options_chain - INFO - Filtered 0 BANKNIFTY26JANFUT options
2026-01-23 12:51:42 - market_data.adapters.zerodha_options_chain - WARNING - No options data available, initializing...
2026-01-23 12:51:42 - market_data.adapters.zerodha_options_chain - INFO - Initializing ZerodhaOptionsChainAdapter for BANKNIFTY26JANFUT
2026-01-23 12:51:42 - market_data.adapters.zerodha_options_chain - INFO - Downloading NFO instruments...
2026-01-23 12:51:47 - market_data.adapters.zerodha_options_chain - INFO - Loaded 46315 NFO instruments
2026-01-23 12:51:47 - market_data.adapters.zerodha_options_chain - INFO - Filtered 0 BANKNIFTY26JANFUT options
2026-01-23 12:51:48 - market_data.adapters.zerodha_options_chain - INFO - Retrieved last prices for 276 option contracts
2026-01-23 12:51:48 - market_data.adapters.zerodha_options_chain - INFO - Using underlying price 59017.15 for BANKNIFTY
2026-01-23 12:51:51 - market_data.adapters.zerodha_options_chain - INFO - Initializing ZerodhaOptionsChainAdapter for BANKNIFTY26JANFUT
2026-01-23 12:51:51 - market_data.adapters.zerodha_options_chain - INFO - Downloading NFO instruments...
2026-01-23 12:51:54 - market_data.adapters.zerodha_options_chain - INFO - Loaded 46315 NFO instruments
2026-01-23 12:51:54 - market_data.adapters.zerodha_options_chain - INFO - Filtered 0 BANKNIFTY26JANFUT options
2026-01-23 12:51:54 - market_data.adapters.zerodha_options_chain - WARNING - No options data available, initializing...
2026-01-23 12:51:54 - market_data.adapters.zerodha_options_chain - INFO - Initializing ZerodhaOptionsChainAdapter for BANKNIFTY26JANFUT
2026-01-23 12:51:54 - market_data.adapters.zerodha_options_chain - INFO - Downloading NFO instruments...
2026-01-23 12:51:58 - market_data.adapters.zerodha_options_chain - INFO - Loaded 46315 NFO instruments
2026-01-23 12:51:58 - market_data.adapters.zerodha_options_chain - INFO - Filtered 0 BANKNIFTY26JANFUT options
2026-01-23 12:51:58 - market_data.adapters.zerodha_options_chain - INFO - Retrieved last prices for 276 option contracts
2026-01-23 12:51:58 - market_data.adapters.zerodha_options_chain - INFO - Using underlying price 59029.55 for BANKNIFTY
2026-01-23 12:52:02 - market_data.adapters.zerodha_options_chain - INFO - Initializing ZerodhaOptionsChainAdapter for BANKNIFTY26JANFUT
2026-01-23 12:52:02 - market_data.adapters.zerodha_options_chain - INFO - Downloading NFO instruments...
2026-01-23 12:52:06 - market_data.adapters.zerodha_options_chain - INFO - Loaded 46315 NFO instruments
2026-01-23 12:52:06 - market_data.adapters.zerodha_options_chain - INFO - Filtered 0 BANKNIFTY26JANFUT options
2026-01-23 12:52:06 - market_data.adapters.zerodha_options_chain - WARNING - No options data available, initializing...
2026-01-23 12:52:06 - market_data.adapters.zerodha_options_chain - INFO - Initializing ZerodhaOptionsChainAdapter for BANKNIFTY26JANFUT
2026-01-23 12:52:06 - market_data.adapters.zerodha_options_chain - INFO - Downloading NFO instruments...
2026-01-23 12:52:10 - market_data.adapters.zerodha_options_chain - INFO - Loaded 46315 NFO instruments
2026-01-23 12:52:10 - market_data.adapters.zerodha_options_chain - INFO - Filtered 0 BANKNIFTY26JANFUT options
2026-01-23 12:52:10 - market_data.adapters.zerodha_options_chain - INFO - Retrieved last prices for 276 option contracts
2026-01-23 12:52:10 - market_data.adapters.zerodha_options_chain - INFO - Using underlying price 59035.95 for BANKNIFTY
2026-01-23 13:13:34 - market_data.adapters.zerodha_options_chain - INFO - Initializing ZerodhaOptionsChainAdapter for BANKNIFTY26JANFUT
2026-01-23 13:13:34 - market_data.adapters.zerodha_options_chain - INFO - Downloading NFO instruments...
2026-01-23 13:13:41 - market_data.adapters.zerodha_options_chain - INFO - Loaded 46315 NFO instruments
2026-01-23 13:13:41 - market_data.adapters.zerodha_options_chain - INFO - Filtered 0 BANKNIFTY26JANFUT options
2026-01-23 13:13:41 - market_data.adapters.zerodha_options_chain - WARNING - No options data available, initializing...
2026-01-23 13:13:41 - market_data.adapters.zerodha_options_chain - INFO - Initializing ZerodhaOptionsChainAdapter for BANKNIFTY26JANFUT
2026-01-23 13:13:41 - market_data.adapters.zerodha_options_chain - INFO - Downloading NFO instruments...
2026-01-23 13:13:45 - market_data.adapters.zerodha_options_chain - INFO - Loaded 46315 NFO instruments
2026-01-23 13:13:45 - market_data.adapters.zerodha_options_chain - INFO - Filtered 0 BANKNIFTY26JANFUT options
2026-01-23 13:13:47 - market_data.adapters.zerodha_options_chain - INFO - Retrieved last prices for 276 option contracts
2026-01-23 13:13:47 - market_data.adapters.zerodha_options_chain - INFO - Using underlying price 58952.75 for BANKNIFTY
2026-01-23 13:14:10 - market_data.adapters.zerodha_options_chain - INFO - Initializing ZerodhaOptionsChainAdapter for BANKNIFTY26JANFUT
2026-01-23 13:14:10 - market_data.adapters.zerodha_options_chain - INFO - Downloading NFO instruments...
2026-01-23 13:14:15 - market_data.adapters.zerodha_options_chain - INFO - Loaded 46315 NFO instruments
2026-01-23 13:14:15 - market_data.adapters.zerodha_options_chain - INFO - Filtered 0 BANKNIFTY26JANFUT options
2026-01-23 13:14:15 - market_data.adapters.zerodha_options_chain - WARNING - No options data available, initializing...
2026-01-23 13:14:15 - market_data.adapters.zerodha_options_chain - INFO - Initializing ZerodhaOptionsChainAdapter for BANKNIFTY26JANFUT
2026-01-23 13:14:15 - market_data.adapters.zerodha_options_chain - INFO - Downloading NFO instruments...
2026-01-23 13:14:21 - market_data.adapters.zerodha_options_chain - INFO - Loaded 46315 NFO instruments
2026-01-23 13:14:21 - market_data.adapters.zerodha_options_chain - INFO - Filtered 0 BANKNIFTY26JANFUT options
2026-01-23 13:14:21 - market_data.adapters.zerodha_options_chain - INFO - Retrieved last prices for 276 option contracts
2026-01-23 13:14:21 - market_data.adapters.zerodha_options_chain - INFO - Using underlying price 58990.2 for BANKNIFTY
2026-01-23 13:14:25 - market_data.adapters.zerodha_options_chain - INFO - Initializing ZerodhaOptionsChainAdapter for BANKNIFTY26JANFUT
2026-01-23 13:14:25 - market_data.adapters.zerodha_options_chain - INFO - Downloading NFO instruments...
2026-01-23 13:14:32 - market_data.adapters.zerodha_options_chain - INFO - Loaded 46315 NFO instruments
2026-01-23 13:14:32 - market_data.adapters.zerodha_options_chain - INFO - Filtered 0 BANKNIFTY26JANFUT options
2026-01-23 13:14:32 - market_data.adapters.zerodha_options_chain - WARNING - No options data available, initializing...
2026-01-23 13:14:32 - market_data.adapters.zerodha_options_chain - INFO - Initializing ZerodhaOptionsChainAdapter for BANKNIFTY26JANFUT
2026-01-23 13:14:32 - market_data.adapters.zerodha_options_chain - INFO - Downloading NFO instruments...
2026-01-23 13:14:48 - market_data.adapters.zerodha_options_chain - INFO - Loaded 46315 NFO instruments
2026-01-23 13:14:49 - market_data.adapters.zerodha_options_chain - INFO - Filtered 0 BANKNIFTY26JANFUT options
2026-01-23 13:14:49 - market_data.adapters.zerodha_options_chain - INFO - Retrieved last prices for 276 option contracts
2026-01-23 13:14:49 - market_data.adapters.zerodha_options_chain - INFO - Using underlying price 58993.55 for BANKNIFTY
2026-01-23 13:15:09 - market_data.adapters.zerodha_options_chain - INFO - Initializing ZerodhaOptionsChainAdapter for BANKNIFTY26JANFUT
2026-01-23 13:15:09 - market_data.adapters.zerodha_options_chain - INFO - Downloading NFO instruments...
2026-01-23 13:15:20 - market_data.adapters.zerodha_options_chain - INFO - Loaded 46315 NFO instruments
2026-01-23 13:15:20 - market_data.adapters.zerodha_options_chain - INFO - Filtered 0 BANKNIFTY26JANFUT options
2026-01-23 13:15:20 - market_data.adapters.zerodha_options_chain - WARNING - No options data available, initializing...
2026-01-23 13:15:20 - market_data.adapters.zerodha_options_chain - INFO - Initializing ZerodhaOptionsChainAdapter for BANKNIFTY26JANFUT
2026-01-23 13:15:20 - market_data.adapters.zerodha_options_chain - INFO - Downloading NFO instruments...
2026-01-23 13:15:31 - market_data.adapters.zerodha_options_chain - INFO - Loaded 46315 NFO instruments
2026-01-23 13:15:31 - market_data.adapters.zerodha_options_chain - INFO - Filtered 0 BANKNIFTY26JANFUT options
2026-01-23 13:15:32 - market_data.adapters.zerodha_options_chain - INFO - Retrieved last prices for 276 option contracts
2026-01-23 13:15:32 - market_data.adapters.zerodha_options_chain - INFO - Using underlying price 58944.85 for BANKNIFTY
2026-01-23 13:15:36 - market_data.adapters.zerodha_options_chain - INFO - Initializing ZerodhaOptionsChainAdapter for BANKNIFTY26JANFUT
2026-01-23 13:15:36 - market_data.adapters.zerodha_options_chain - INFO - Downloading NFO instruments...
2026-01-23 13:15:41 - market_data.adapters.zerodha_options_chain - INFO - Loaded 46315 NFO instruments
2026-01-23 13:15:41 - market_data.adapters.zerodha_options_chain - INFO - Filtered 0 BANKNIFTY26JANFUT options
2026-01-23 13:15:41 - market_data.adapters.zerodha_options_chain - WARNING - No options data available, initializing...
2026-01-23 13:15:41 - market_data.adapters.zerodha_options_chain - INFO - Initializing ZerodhaOptionsChainAdapter for BANKNIFTY26JANFUT
2026-01-23 13:15:41 - market_data.adapters.zerodha_options_chain - INFO - Downloading NFO instruments...
2026-01-23 13:15:45 - market_data.adapters.zerodha_options_chain - INFO - Loaded 46315 NFO instruments
2026-01-23 13:15:45 - market_data.adapters.zerodha_options_chain - INFO - Filtered 0 BANKNIFTY26JANFUT options
2026-01-23 13:15:45 - market_data.adapters.zerodha_options_chain - INFO - Retrieved last prices for 276 option contracts
2026-01-23 13:15:45 - market_data.adapters.zerodha_options_chain - INFO - Using underlying price 58933.85 for BANKNIFTY
2026-01-23 13:21:24 - market_data.tools.kite_auth_service - INFO - Token validated successfully for user: BV2032
2026-01-23 13:23:25 - market_data.circuit_breaker - INFO - Registered fallback for service: redis_get
2026-01-23 13:23:25 - market_data.circuit_breaker - INFO - Registered fallback for service: redis_set
2026-01-23 13:23:25 - market_data.circuit_breaker - INFO - Registered fallback for service: market_data_api
2026-01-23 13:23:25 - market_data.adapters.redis_store - INFO - MarketStore: Detected BACKTEST mode (run_id: bt_2026-01-07_zerodha)
2026-01-23 13:23:26 - market_data.adapters.redis_store - INFO - Initialized technical indicators for BANKNIFTY26JANFUT with 100 OHLC bars
2026-01-23 13:23:26 - market_data.adapters.redis_store - INFO - Initialized technical indicators for BANKNIFTY with 100 OHLC bars
2026-01-23 13:23:26 - market_data.adapters.redis_store - INFO - Technical indicators service initialized in MarketStore (BACKTEST mode)
2026-01-23 13:23:26 - market_data.adapters.zerodha_options_chain - INFO - Initializing ZerodhaOptionsChainAdapter for BANKNIFTY26JANFUT
2026-01-23 13:23:26 - market_data.adapters.zerodha_options_chain - INFO - Downloading NFO instruments...
2026-01-23 13:23:30 - market_data.adapters.zerodha_options_chain - INFO - Loaded 46315 NFO instruments
2026-01-23 13:23:30 - market_data.adapters.zerodha_options_chain - INFO - Filtered 0 BANKNIFTY26JANFUT options
2026-01-23 13:23:30 - market_data.adapters.zerodha_options_chain - WARNING - No options data available, initializing...
2026-01-23 13:23:30 - market_data.adapters.zerodha_options_chain - INFO - Initializing ZerodhaOptionsChainAdapter for BANKNIFTY26JANFUT
2026-01-23 13:23:30 - market_data.adapters.zerodha_options_chain - INFO - Downloading NFO instruments...
2026-01-23 13:23:34 - market_data.adapters.zerodha_options_chain - INFO - Loaded 46315 NFO instruments
2026-01-23 13:23:34 - market_data.adapters.zerodha_options_chain - INFO - Filtered 0 BANKNIFTY26JANFUT options
2026-01-23 13:23:38 - market_data.adapters.zerodha_options_chain - INFO - Initializing ZerodhaOptionsChainAdapter for BANKNIFTY26JANFUT
2026-01-23 13:23:38 - market_data.adapters.zerodha_options_chain - INFO - Downloading NFO instruments...
2026-01-23 13:23:42 - market_data.adapters.zerodha_options_chain - INFO - Loaded 46315 NFO instruments
2026-01-23 13:23:42 - market_data.adapters.zerodha_options_chain - INFO - Filtered 0 BANKNIFTY26JANFUT options
2026-01-23 13:23:42 - market_data.adapters.zerodha_options_chain - WARNING - No options data available, initializing...
2026-01-23 13:23:42 - market_data.adapters.zerodha_options_chain - INFO - Initializing ZerodhaOptionsChainAdapter for BANKNIFTY26JANFUT
2026-01-23 13:23:42 - market_data.adapters.zerodha_options_chain - INFO - Downloading NFO instruments...
2026-01-23 13:23:45 - market_data.adapters.zerodha_options_chain - INFO - Loaded 46315 NFO instruments
2026-01-23 13:23:45 - market_data.adapters.zerodha_options_chain - INFO - Filtered 0 BANKNIFTY26JANFUT options
2026-01-23 13:23:49 - market_data.adapters.zerodha_options_chain - INFO - Initializing ZerodhaOptionsChainAdapter for BANKNIFTY26JANFUT
2026-01-23 13:23:49 - market_data.adapters.zerodha_options_chain - INFO - Downloading NFO instruments...
2026-01-23 13:23:53 - market_data.adapters.zerodha_options_chain - INFO - Loaded 46315 NFO instruments
2026-01-23 13:23:53 - market_data.adapters.zerodha_options_chain - INFO - Filtered 0 BANKNIFTY26JANFUT options
2026-01-23 13:23:53 - market_data.adapters.zerodha_options_chain - WARNING - No options data available, initializing...
2026-01-23 13:23:53 - market_data.adapters.zerodha_options_chain - INFO - Initializing ZerodhaOptionsChainAdapter for BANKNIFTY26JANFUT
2026-01-23 13:23:53 - market_data.adapters.zerodha_options_chain - INFO - Downloading NFO instruments...
2026-01-23 13:23:56 - market_data.adapters.zerodha_options_chain - INFO - Loaded 46315 NFO instruments
2026-01-23 13:23:56 - market_data.adapters.zerodha_options_chain - INFO - Filtered 0 BANKNIFTY26JANFUT options
2026-01-23 13:24:02 - market_data.adapters.zerodha_options_chain - INFO - Initializing ZerodhaOptionsChainAdapter for BANKNIFTY26JANFUT
2026-01-23 13:24:02 - market_data.adapters.zerodha_options_chain - INFO - Downloading NFO instruments...
2026-01-23 13:24:06 - market_data.adapters.zerodha_options_chain - INFO - Loaded 46315 NFO instruments
2026-01-23 13:24:06 - market_data.adapters.zerodha_options_chain - INFO - Filtered 0 BANKNIFTY26JANFUT options
2026-01-23 13:24:06 - market_data.adapters.zerodha_options_chain - WARNING - No options data available, initializing...
2026-01-23 13:24:06 - market_data.adapters.zerodha_options_chain - INFO - Initializing ZerodhaOptionsChainAdapter for BANKNIFTY26JANFUT
2026-01-23 13:24:06 - market_data.adapters.zerodha_options_chain - INFO - Downloading NFO instruments...
2026-01-23 13:24:09 - market_data.adapters.zerodha_options_chain - INFO - Loaded 46315 NFO instruments
2026-01-23 13:24:09 - market_data.adapters.zerodha_options_chain - INFO - Filtered 0 BANKNIFTY26JANFUT options
2026-01-23 13:24:15 - market_data.adapters.zerodha_options_chain - INFO - Initializing ZerodhaOptionsChainAdapter for BANKNIFTY26JANFUT
2026-01-23 13:24:15 - market_data.adapters.zerodha_options_chain - INFO - Downloading NFO instruments...
2026-01-23 13:24:19 - market_data.adapters.zerodha_options_chain - INFO - Loaded 46315 NFO instruments
2026-01-23 13:24:19 - market_data.adapters.zerodha_options_chain - INFO - Filtered 0 BANKNIFTY26JANFUT options
2026-01-23 13:24:19 - market_data.adapters.zerodha_options_chain - WARNING - No options data available, initializing...
2026-01-23 13:24:19 - market_data.adapters.zerodha_options_chain - INFO - Initializing ZerodhaOptionsChainAdapter for BANKNIFTY26JANFUT
2026-01-23 13:24:19 - market_data.adapters.zerodha_options_chain - INFO - Downloading NFO instruments...
2026-01-23 13:24:23 - market_data.adapters.zerodha_options_chain - INFO - Loaded 46315 NFO instruments
2026-01-23 13:24:23 - market_data.adapters.zerodha_options_chain - INFO - Filtered 0 BANKNIFTY26JANFUT options
2026-01-23 13:24:28 - market_data.adapters.zerodha_options_chain - INFO - Initializing ZerodhaOptionsChainAdapter for BANKNIFTY26JANFUT
2026-01-23 13:24:28 - market_data.adapters.zerodha_options_chain - INFO - Downloading NFO instruments...
2026-01-23 13:24:33 - market_data.adapters.zerodha_options_chain - INFO - Loaded 46315 NFO instruments
2026-01-23 13:24:33 - market_data.adapters.zerodha_options_chain - INFO - Filtered 0 BANKNIFTY26JANFUT options
2026-01-23 13:24:33 - market_data.adapters.zerodha_options_chain - WARNING - No options data available, initializing...
2026-01-23 13:24:33 - market_data.adapters.zerodha_options_chain - INFO - Initializing ZerodhaOptionsChainAdapter for BANKNIFTY26JANFUT
2026-01-23 13:24:33 - market_data.adapters.zerodha_options_chain - INFO - Downloading NFO instruments...
2026-01-23 13:24:41 - market_data.adapters.zerodha_options_chain - INFO - Loaded 46315 NFO instruments
2026-01-23 13:24:41 - market_data.adapters.zerodha_options_chain - INFO - Filtered 0 BANKNIFTY26JANFUT options
2026-01-23 13:24:48 - market_data.adapters.zerodha_options_chain - INFO - Initializing ZerodhaOptionsChainAdapter for BANKNIFTY26JANFUT
2026-01-23 13:24:48 - market_data.adapters.zerodha_options_chain - INFO - Downloading NFO instruments...
2026-01-23 13:24:57 - market_data.adapters.zerodha_options_chain - INFO - Loaded 46315 NFO instruments
2026-01-23 13:24:57 - market_data.adapters.zerodha_options_chain - INFO - Filtered 0 BANKNIFTY26JANFUT options
2026-01-23 13:24:57 - market_data.adapters.zerodha_options_chain - WARNING - No options data available, initializing...
2026-01-23 13:24:57 - market_data.adapters.zerodha_options_chain - INFO - Initializing ZerodhaOptionsChainAdapter for BANKNIFTY26JANFUT
2026-01-23 13:24:57 - market_data.adapters.zerodha_options_chain - INFO - Downloading NFO instruments...
2026-01-23 13:25:05 - market_data.adapters.zerodha_options_chain - INFO - Loaded 46315 NFO instruments
2026-01-23 13:25:05 - market_data.adapters.zerodha_options_chain - INFO - Filtered 0 BANKNIFTY26JANFUT options
2026-01-23 13:25:15 - market_data.adapters.zerodha_options_chain - INFO - Initializing ZerodhaOptionsChainAdapter for BANKNIFTY26JANFUT
2026-01-23 13:25:15 - market_data.adapters.zerodha_options_chain - INFO - Downloading NFO instruments...
2026-01-23 13:25:19 - market_data.adapters.zerodha_options_chain - INFO - Loaded 46315 NFO instruments
2026-01-23 13:25:19 - market_data.adapters.zerodha_options_chain - INFO - Filtered 0 BANKNIFTY26JANFUT options
2026-01-23 13:25:19 - market_data.adapters.zerodha_options_chain - WARNING - No options data available, initializing...
2026-01-23 13:25:19 - market_data.adapters.zerodha_options_chain - INFO - Initializing ZerodhaOptionsChainAdapter for BANKNIFTY26JANFUT
2026-01-23 13:25:19 - market_data.adapters.zerodha_options_chain - INFO - Downloading NFO instruments...
2026-01-23 13:25:23 - market_data.adapters.zerodha_options_chain - INFO - Loaded 46315 NFO instruments
2026-01-23 13:25:23 - market_data.adapters.zerodha_options_chain - INFO - Filtered 0 BANKNIFTY26JANFUT options
2026-01-23 13:25:23 - market_data.adapters.zerodha_options_chain - INFO - Initializing ZerodhaOptionsChainAdapter for BANKNIFTY26JANFUT
2026-01-23 13:25:23 - market_data.adapters.zerodha_options_chain - INFO - Downloading NFO instruments...
2026-01-23 13:25:26 - market_data.adapters.zerodha_options_chain - INFO - Loaded 46315 NFO instruments
2026-01-23 13:25:26 - market_data.adapters.zerodha_options_chain - INFO - Filtered 0 BANKNIFTY26JANFUT options
2026-01-23 13:25:26 - market_data.adapters.zerodha_options_chain - WARNING - No options data available, initializing...
2026-01-23 13:25:26 - market_data.adapters.zerodha_options_chain - INFO - Initializing ZerodhaOptionsChainAdapter for BANKNIFTY26JANFUT
2026-01-23 13:25:26 - market_data.adapters.zerodha_options_chain - INFO - Downloading NFO instruments...
2026-01-23 13:25:30 - market_data.adapters.zerodha_options_chain - INFO - Loaded 46315 NFO instruments
2026-01-23 13:25:30 - market_data.adapters.zerodha_options_chain - INFO - Filtered 0 BANKNIFTY26JANFUT options
2026-01-23 13:25:38 - market_data.adapters.zerodha_options_chain - INFO - Initializing ZerodhaOptionsChainAdapter for BANKNIFTY26JANFUT
2026-01-23 13:25:38 - market_data.adapters.zerodha_options_chain - INFO - Downloading NFO instruments...
2026-01-23 13:25:42 - market_data.adapters.zerodha_options_chain - INFO - Loaded 46315 NFO instruments
2026-01-23 13:25:42 - market_data.adapters.zerodha_options_chain - INFO - Filtered 0 BANKNIFTY26JANFUT options
2026-01-23 13:25:42 - market_data.adapters.zerodha_options_chain - WARNING - No options data available, initializing...
2026-01-23 13:25:42 - market_data.adapters.zerodha_options_chain - INFO - Initializing ZerodhaOptionsChainAdapter for BANKNIFTY26JANFUT
2026-01-23 13:25:42 - market_data.adapters.zerodha_options_chain - INFO - Downloading NFO instruments...
2026-01-23 13:25:45 - market_data.adapters.zerodha_options_chain - INFO - Loaded 46315 NFO instruments
2026-01-23 13:25:45 - market_data.adapters.zerodha_options_chain - INFO - Filtered 0 BANKNIFTY26JANFUT options
2026-01-23 13:25:45 - market_data.adapters.zerodha_options_chain - INFO - Initializing ZerodhaOptionsChainAdapter for BANKNIFTY26JANFUT
2026-01-23 13:25:45 - market_data.adapters.zerodha_options_chain - INFO - Downloading NFO instruments...
2026-01-23 13:25:48 - market_data.adapters.zerodha_options_chain - INFO - Loaded 46315 NFO instruments
2026-01-23 13:25:48 - market_data.adapters.zerodha_options_chain - INFO - Filtered 0 BANKNIFTY26JANFUT options
2026-01-23 13:25:48 - market_data.adapters.zerodha_options_chain - WARNING - No options data available, initializing...
2026-01-23 13:25:48 - market_data.adapters.zerodha_options_chain - INFO - Initializing ZerodhaOptionsChainAdapter for BANKNIFTY26JANFUT
2026-01-23 13:25:48 - market_data.adapters.zerodha_options_chain - INFO - Downloading NFO instruments...
2026-01-23 13:25:52 - market_data.adapters.zerodha_options_chain - INFO - Loaded 46315 NFO instruments
2026-01-23 13:25:52 - market_data.adapters.zerodha_options_chain - INFO - Filtered 0 BANKNIFTY26JANFUT options
2026-01-23 13:25:56 - market_data.adapters.zerodha_options_chain - INFO - Initializing ZerodhaOptionsChainAdapter for BANKNIFTY26JANFUT
2026-01-23 13:25:56 - market_data.adapters.zerodha_options_chain - INFO - Downloading NFO instruments...
2026-01-23 13:25:59 - market_data.adapters.zerodha_options_chain - INFO - Loaded 46315 NFO instruments
2026-01-23 13:25:59 - market_data.adapters.zerodha_options_chain - INFO - Filtered 0 BANKNIFTY26JANFUT options
2026-01-23 13:25:59 - market_data.adapters.zerodha_options_chain - WARNING - No options data available, initializing...
2026-01-23 13:25:59 - market_data.adapters.zerodha_options_chain - INFO - Initializing ZerodhaOptionsChainAdapter for BANKNIFTY26JANFUT
2026-01-23 13:25:59 - market_data.adapters.zerodha_options_chain - INFO - Downloading NFO instruments...
2026-01-23 13:26:04 - market_data.adapters.zerodha_options_chain - INFO - Loaded 46315 NFO instruments
2026-01-23 13:26:04 - market_data.adapters.zerodha_options_chain - INFO - Filtered 0 BANKNIFTY26JANFUT options
2026-01-23 13:26:07 - market_data.adapters.zerodha_options_chain - INFO - Initializing ZerodhaOptionsChainAdapter for BANKNIFTY26JANFUT
2026-01-23 13:26:07 - market_data.adapters.zerodha_options_chain - INFO - Downloading NFO instruments...
2026-01-23 13:26:11 - market_data.adapters.zerodha_options_chain - INFO - Loaded 46315 NFO instruments
2026-01-23 13:26:11 - market_data.adapters.zerodha_options_chain - INFO - Filtered 0 BANKNIFTY26JANFUT options
2026-01-23 13:26:11 - market_data.adapters.zerodha_options_chain - WARNING - No options data available, initializing...
2026-01-23 13:26:11 - market_data.adapters.zerodha_options_chain - INFO - Initializing ZerodhaOptionsChainAdapter for BANKNIFTY26JANFUT
2026-01-23 13:26:11 - market_data.adapters.zerodha_options_chain - INFO - Downloading NFO instruments...
2026-01-23 13:26:14 - market_data.adapters.zerodha_options_chain - INFO - Loaded 46315 NFO instruments
2026-01-23 13:26:14 - market_data.adapters.zerodha_options_chain - INFO - Filtered 0 BANKNIFTY26JANFUT options
2026-01-23 13:26:17 - market_data.adapters.zerodha_options_chain - INFO - Initializing ZerodhaOptionsChainAdapter for BANKNIFTY26JANFUT
2026-01-23 13:26:17 - market_data.adapters.zerodha_options_chain - INFO - Downloading NFO instruments...
2026-01-23 13:26:21 - market_data.adapters.zerodha_options_chain - INFO - Loaded 46315 NFO instruments
2026-01-23 13:26:21 - market_data.adapters.zerodha_options_chain - INFO - Filtered 0 BANKNIFTY26JANFUT options
2026-01-23 13:26:21 - market_data.adapters.zerodha_options_chain - WARNING - No options data available, initializing...
2026-01-23 13:26:21 - market_data.adapters.zerodha_options_chain - INFO - Initializing ZerodhaOptionsChainAdapter for BANKNIFTY26JANFUT
2026-01-23 13:26:21 - market_data.adapters.zerodha_options_chain - INFO - Downloading NFO instruments...
2026-01-23 13:26:24 - market_data.adapters.zerodha_options_chain - INFO - Loaded 46315 NFO instruments
2026-01-23 13:26:24 - market_data.adapters.zerodha_options_chain - INFO - Filtered 0 BANKNIFTY26JANFUT options
2026-01-23 13:26:27 - market_data.adapters.zerodha_options_chain - INFO - Initializing ZerodhaOptionsChainAdapter for BANKNIFTY26JANFUT
2026-01-23 13:26:27 - market_data.adapters.zerodha_options_chain - INFO - Downloading NFO instruments...
2026-01-23 13:26:31 - market_data.adapters.zerodha_options_chain - INFO - Loaded 46315 NFO instruments
2026-01-23 13:26:31 - market_data.adapters.zerodha_options_chain - INFO - Filtered 0 BANKNIFTY26JANFUT options
2026-01-23 13:26:31 - market_data.adapters.zerodha_options_chain - WARNING - No options data available, initializing...
2026-01-23 13:26:31 - market_data.adapters.zerodha_options_chain - INFO - Initializing ZerodhaOptionsChainAdapter for BANKNIFTY26JANFUT
2026-01-23 13:26:31 - market_data.adapters.zerodha_options_chain - INFO - Downloading NFO instruments...
2026-01-23 13:26:35 - market_data.adapters.zerodha_options_chain - INFO - Loaded 46315 NFO instruments
2026-01-23 13:26:35 - market_data.adapters.zerodha_options_chain - INFO - Filtered 0 BANKNIFTY26JANFUT options
2026-01-23 13:28:57 - market_data.adapters.zerodha_options_chain - INFO - Initializing ZerodhaOptionsChainAdapter for BANKNIFTY26JANFUT
2026-01-23 13:28:57 - market_data.adapters.zerodha_options_chain - INFO - Downloading NFO instruments...
2026-01-23 13:29:01 - market_data.adapters.zerodha_options_chain - INFO - Loaded 46315 NFO instruments
2026-01-23 13:29:01 - market_data.adapters.zerodha_options_chain - INFO - Filtered 0 BANKNIFTY26JANFUT options
2026-01-23 13:29:01 - market_data.adapters.zerodha_options_chain - WARNING - No options data available, initializing...
2026-01-23 13:29:01 - market_data.adapters.zerodha_options_chain - INFO - Initializing ZerodhaOptionsChainAdapter for BANKNIFTY26JANFUT
2026-01-23 13:29:01 - market_data.adapters.zerodha_options_chain - INFO - Downloading NFO instruments...
2026-01-23 13:29:05 - market_data.adapters.zerodha_options_chain - INFO - Loaded 46315 NFO instruments
2026-01-23 13:29:05 - market_data.adapters.zerodha_options_chain - INFO - Filtered 0 BANKNIFTY26JANFUT options
2026-01-23 13:29:05 - market_data.adapters.zerodha_options_chain - INFO - Retrieved last prices for 276 option contracts
2026-01-23 13:29:05 - market_data.adapters.zerodha_options_chain - INFO - Using underlying price 58817.2 for BANKNIFTY
2026-01-23 13:29:18 - market_data.adapters.zerodha_options_chain - INFO - Initializing ZerodhaOptionsChainAdapter for BANKNIFTY26JANFUT
2026-01-23 13:29:18 - market_data.adapters.zerodha_options_chain - INFO - Downloading NFO instruments...
2026-01-23 13:29:22 - market_data.adapters.zerodha_options_chain - INFO - Loaded 46315 NFO instruments
2026-01-23 13:29:22 - market_data.adapters.zerodha_options_chain - INFO - Filtered 0 BANKNIFTY26JANFUT options
2026-01-23 13:29:22 - market_data.adapters.zerodha_options_chain - WARNING - No options data available, initializing...
2026-01-23 13:29:22 - market_data.adapters.zerodha_options_chain - INFO - Initializing ZerodhaOptionsChainAdapter for BANKNIFTY26JANFUT
2026-01-23 13:29:22 - market_data.adapters.zerodha_options_chain - INFO - Downloading NFO instruments...
2026-01-23 13:29:25 - market_data.adapters.zerodha_options_chain - INFO - Loaded 46315 NFO instruments
2026-01-23 13:29:26 - market_data.adapters.zerodha_options_chain - INFO - Filtered 0 BANKNIFTY26JANFUT options
2026-01-23 13:29:26 - market_data.adapters.zerodha_options_chain - INFO - Retrieved last prices for 276 option contracts
2026-01-23 13:29:26 - market_data.adapters.zerodha_options_chain - INFO - Using underlying price 58813.45 for BANKNIFTY
2026-01-23 13:29:29 - market_data.adapters.zerodha_options_chain - INFO - Initializing ZerodhaOptionsChainAdapter for BANKNIFTY26JANFUT
2026-01-23 13:29:29 - market_data.adapters.zerodha_options_chain - INFO - Downloading NFO instruments...
2026-01-23 13:29:33 - market_data.adapters.zerodha_options_chain - INFO - Loaded 46315 NFO instruments
2026-01-23 13:29:33 - market_data.adapters.zerodha_options_chain - INFO - Filtered 0 BANKNIFTY26JANFUT options
2026-01-23 13:29:33 - market_data.adapters.zerodha_options_chain - WARNING - No options data available, initializing...
2026-01-23 13:29:33 - market_data.adapters.zerodha_options_chain - INFO - Initializing ZerodhaOptionsChainAdapter for BANKNIFTY26JANFUT
2026-01-23 13:29:33 - market_data.adapters.zerodha_options_chain - INFO - Downloading NFO instruments...
2026-01-23 13:29:36 - market_data.adapters.zerodha_options_chain - INFO - Loaded 46315 NFO instruments
2026-01-23 13:29:36 - market_data.adapters.zerodha_options_chain - INFO - Filtered 0 BANKNIFTY26JANFUT options
2026-01-23 13:29:37 - market_data.adapters.zerodha_options_chain - INFO - Retrieved last prices for 276 option contracts
2026-01-23 13:29:37 - market_data.adapters.zerodha_options_chain - INFO - Using underlying price 58804.35 for BANKNIFTY
2026-01-23 13:30:00 - market_data.adapters.zerodha_options_chain - INFO - Initializing ZerodhaOptionsChainAdapter for BANKNIFTY26JANFUT
2026-01-23 13:30:00 - market_data.adapters.zerodha_options_chain - INFO - Downloading NFO instruments...
2026-01-23 13:30:05 - market_data.adapters.zerodha_options_chain - INFO - Loaded 46315 NFO instruments
2026-01-23 13:30:05 - market_data.adapters.zerodha_options_chain - INFO - Filtered 0 BANKNIFTY26JANFUT options
2026-01-23 13:30:05 - market_data.adapters.zerodha_options_chain - WARNING - No options data available, initializing...
2026-01-23 13:30:05 - market_data.adapters.zerodha_options_chain - INFO - Initializing ZerodhaOptionsChainAdapter for BANKNIFTY26JANFUT
2026-01-23 13:30:05 - market_data.adapters.zerodha_options_chain - INFO - Downloading NFO instruments...
2026-01-23 13:30:09 - market_data.adapters.zerodha_options_chain - INFO - Loaded 46315 NFO instruments
2026-01-23 13:30:09 - market_data.adapters.zerodha_options_chain - INFO - Filtered 0 BANKNIFTY26JANFUT options
2026-01-23 13:30:10 - market_data.adapters.zerodha_options_chain - INFO - Retrieved last prices for 276 option contracts
2026-01-23 13:30:10 - market_data.adapters.zerodha_options_chain - INFO - Using underlying price 58776 for BANKNIFTY
2026-01-23 13:30:13 - market_data.adapters.zerodha_options_chain - INFO - Initializing ZerodhaOptionsChainAdapter for BANKNIFTY26JANFUT
2026-01-23 13:30:13 - market_data.adapters.zerodha_options_chain - INFO - Downloading NFO instruments...
2026-01-23 13:30:18 - market_data.adapters.zerodha_options_chain - INFO - Loaded 46315 NFO instruments
2026-01-23 13:30:18 - market_data.adapters.zerodha_options_chain - INFO - Filtered 0 BANKNIFTY26JANFUT options
2026-01-23 13:30:18 - market_data.adapters.zerodha_options_chain - WARNING - No options data available, initializing...
2026-01-23 13:30:18 - market_data.adapters.zerodha_options_chain - INFO - Initializing ZerodhaOptionsChainAdapter for BANKNIFTY26JANFUT
2026-01-23 13:30:18 - market_data.adapters.zerodha_options_chain - INFO - Downloading NFO instruments...
2026-01-23 13:30:21 - market_data.adapters.zerodha_options_chain - INFO - Loaded 46315 NFO instruments
2026-01-23 13:30:21 - market_data.adapters.zerodha_options_chain - INFO - Filtered 0 BANKNIFTY26JANFUT options
2026-01-23 13:30:22 - market_data.adapters.zerodha_options_chain - INFO - Retrieved last prices for 276 option contracts
2026-01-23 13:30:22 - market_data.adapters.zerodha_options_chain - INFO - Using underlying price 58771.85 for BANKNIFTY
2026-01-23 13:30:25 - market_data.adapters.zerodha_options_chain - INFO - Initializing ZerodhaOptionsChainAdapter for BANKNIFTY26JANFUT
2026-01-23 13:30:25 - market_data.adapters.zerodha_options_chain - INFO - Downloading NFO instruments...
2026-01-23 13:30:28 - market_data.adapters.zerodha_options_chain - INFO - Loaded 46315 NFO instruments
2026-01-23 13:30:28 - market_data.adapters.zerodha_options_chain - INFO - Filtered 0 BANKNIFTY26JANFUT options
2026-01-23 13:30:28 - market_data.adapters.zerodha_options_chain - WARNING - No options data available, initializing...
2026-01-23 13:30:28 - market_data.adapters.zerodha_options_chain - INFO - Initializing ZerodhaOptionsChainAdapter for BANKNIFTY26JANFUT
2026-01-23 13:30:28 - market_data.adapters.zerodha_options_chain - INFO - Downloading NFO instruments...
2026-01-23 13:30:31 - market_data.adapters.zerodha_options_chain - INFO - Loaded 46315 NFO instruments
2026-01-23 13:30:31 - market_data.adapters.zerodha_options_chain - INFO - Filtered 0 BANKNIFTY26JANFUT options
2026-01-23 13:30:32 - market_data.adapters.zerodha_options_chain - INFO - Retrieved last prices for 276 option contracts
2026-01-23 13:30:32 - market_data.adapters.zerodha_options_chain - INFO - Using underlying price 58742.7 for BANKNIFTY
2026-01-23 13:30:34 - market_data.adapters.zerodha_options_chain - INFO - Initializing ZerodhaOptionsChainAdapter for BANKNIFTY26JANFUT
2026-01-23 13:30:34 - market_data.adapters.zerodha_options_chain - INFO - Downloading NFO instruments...
2026-01-23 13:30:38 - market_data.adapters.zerodha_options_chain - INFO - Loaded 46315 NFO instruments
2026-01-23 13:30:38 - market_data.adapters.zerodha_options_chain - INFO - Filtered 0 BANKNIFTY26JANFUT options
2026-01-23 13:30:38 - market_data.adapters.zerodha_options_chain - WARNING - No options data available, initializing...
2026-01-23 13:30:38 - market_data.adapters.zerodha_options_chain - INFO - Initializing ZerodhaOptionsChainAdapter for BANKNIFTY26JANFUT
2026-01-23 13:30:38 - market_data.adapters.zerodha_options_chain - INFO - Downloading NFO instruments...
2026-01-23 13:30:42 - market_data.adapters.zerodha_options_chain - INFO - Loaded 46315 NFO instruments
2026-01-23 13:30:42 - market_data.adapters.zerodha_options_chain - INFO - Filtered 0 BANKNIFTY26JANFUT options
2026-01-23 13:30:44 - market_data.adapters.zerodha_options_chain - INFO - Retrieved last prices for 276 option contracts
2026-01-23 13:30:44 - market_data.adapters.zerodha_options_chain - INFO - Using underlying price 58724.6 for BANKNIFTY
2026-01-23 13:41:12 - market_data.adapters.zerodha_options_chain - INFO - Initializing ZerodhaOptionsChainAdapter for BANKNIFTY26JANFUT
2026-01-23 13:41:12 - market_data.adapters.zerodha_options_chain - INFO - Downloading NFO instruments...
2026-01-23 13:41:18 - market_data.adapters.zerodha_options_chain - INFO - Loaded 47125 NFO instruments
2026-01-23 13:41:18 - market_data.adapters.zerodha_options_chain - INFO - Filtered 0 BANKNIFTY26JANFUT options
2026-01-23 13:41:18 - market_data.adapters.zerodha_options_chain - WARNING - No options data available, initializing...
2026-01-23 13:41:18 - market_data.adapters.zerodha_options_chain - INFO - Initializing ZerodhaOptionsChainAdapter for BANKNIFTY26JANFUT
2026-01-23 13:41:18 - market_data.adapters.zerodha_options_chain - INFO - Downloading NFO instruments...
2026-01-23 13:41:22 - market_data.adapters.zerodha_options_chain - INFO - Loaded 47125 NFO instruments
2026-01-23 13:41:22 - market_data.adapters.zerodha_options_chain - INFO - Filtered 0 BANKNIFTY26JANFUT options
2026-01-23 13:41:22 - market_data.adapters.zerodha_options_chain - INFO - Retrieved last prices for 276 option contracts
2026-01-23 13:41:22 - market_data.adapters.zerodha_options_chain - INFO - Using underlying price 58608.05 for BANKNIFTY
2026-01-23 13:41:25 - market_data.adapters.zerodha_options_chain - INFO - Initializing ZerodhaOptionsChainAdapter for BANKNIFTY26JANFUT
2026-01-23 13:41:25 - market_data.adapters.zerodha_options_chain - INFO - Downloading NFO instruments...
2026-01-23 13:41:32 - market_data.adapters.zerodha_options_chain - INFO - Loaded 47125 NFO instruments
2026-01-23 13:41:32 - market_data.adapters.zerodha_options_chain - INFO - Filtered 0 BANKNIFTY26JANFUT options
2026-01-23 13:41:32 - market_data.adapters.zerodha_options_chain - WARNING - No options data available, initializing...
2026-01-23 13:41:32 - market_data.adapters.zerodha_options_chain - INFO - Initializing ZerodhaOptionsChainAdapter for BANKNIFTY26JANFUT
2026-01-23 13:41:32 - market_data.adapters.zerodha_options_chain - INFO - Downloading NFO instruments...
2026-01-23 13:41:37 - market_data.adapters.zerodha_options_chain - INFO - Loaded 47125 NFO instruments
2026-01-23 13:41:37 - market_data.adapters.zerodha_options_chain - INFO - Filtered 0 BANKNIFTY26JANFUT options
2026-01-23 13:41:38 - market_data.adapters.zerodha_options_chain - INFO - Retrieved last prices for 276 option contracts
2026-01-23 13:41:38 - market_data.adapters.zerodha_options_chain - INFO - Using underlying price 58604.4 for BANKNIFTY
2026-01-23 13:42:22 - market_data.adapters.zerodha_options_chain - INFO - Initializing ZerodhaOptionsChainAdapter for BANKNIFTY26JANFUT
2026-01-23 13:42:22 - market_data.adapters.zerodha_options_chain - INFO - Downloading NFO instruments...
2026-01-23 13:42:34 - market_data.adapters.zerodha_options_chain - INFO - Loaded 47125 NFO instruments
2026-01-23 13:42:34 - market_data.adapters.zerodha_options_chain - INFO - Filtered 0 BANKNIFTY26JANFUT options
2026-01-23 13:42:34 - market_data.adapters.zerodha_options_chain - WARNING - No options data available, initializing...
2026-01-23 13:42:34 - market_data.adapters.zerodha_options_chain - INFO - Initializing ZerodhaOptionsChainAdapter for BANKNIFTY26JANFUT
2026-01-23 13:42:34 - market_data.adapters.zerodha_options_chain - INFO - Downloading NFO instruments...
2026-01-23 13:42:43 - market_data.adapters.zerodha_options_chain - INFO - Loaded 47125 NFO instruments
2026-01-23 13:42:43 - market_data.adapters.zerodha_options_chain - INFO - Filtered 0 BANKNIFTY26JANFUT options
2026-01-23 13:42:44 - market_data.adapters.zerodha_options_chain - INFO - Retrieved last prices for 276 option contracts
2026-01-23 13:42:44 - market_data.adapters.zerodha_options_chain - INFO - Using underlying price 58590.55 for BANKNIFTY
2026-01-23 13:42:49 - market_data.adapters.zerodha_options_chain - INFO - Initializing ZerodhaOptionsChainAdapter for BANKNIFTY26JANFUT
2026-01-23 13:42:49 - market_data.adapters.zerodha_options_chain - INFO - Downloading NFO instruments...
2026-01-23 13:43:05 - market_data.adapters.zerodha_options_chain - INFO - Loaded 47125 NFO instruments
2026-01-23 13:43:05 - market_data.adapters.zerodha_options_chain - INFO - Filtered 0 BANKNIFTY26JANFUT options
2026-01-23 13:43:05 - market_data.adapters.zerodha_options_chain - WARNING - No options data available, initializing...
2026-01-23 13:43:05 - market_data.adapters.zerodha_options_chain - INFO - Initializing ZerodhaOptionsChainAdapter for BANKNIFTY26JANFUT
2026-01-23 13:43:05 - market_data.adapters.zerodha_options_chain - INFO - Downloading NFO instruments...
2026-01-23 13:43:15 - market_data.adapters.zerodha_options_chain - INFO - Loaded 47125 NFO instruments
2026-01-23 13:43:15 - market_data.adapters.zerodha_options_chain - INFO - Filtered 0 BANKNIFTY26JANFUT options
2026-01-23 13:43:16 - market_data.adapters.zerodha_options_chain - INFO - Retrieved last prices for 276 option contracts
2026-01-23 13:43:16 - market_data.adapters.zerodha_options_chain - INFO - Using underlying price 58610.25 for BANKNIFTY
2026-01-23 13:53:31 - market_data.tools.kite_auth_service - INFO - Token validated successfully for user: BV2032
2026-01-23 13:55:30 - market_data.circuit_breaker - INFO - Registered fallback for service: redis_get
2026-01-23 13:55:30 - market_data.circuit_breaker - INFO - Registered fallback for service: redis_set
2026-01-23 13:55:30 - market_data.circuit_breaker - INFO - Registered fallback for service: market_data_api
2026-01-23 13:55:30 - market_data.adapters.redis_store - INFO - MarketStore: Detected BACKTEST mode (run_id: bt_2026-01-07_zerodha)
2026-01-23 13:55:31 - market_data.adapters.redis_store - INFO - Initialized technical indicators for BANKNIFTY with 100 OHLC bars
2026-01-23 13:55:32 - market_data.adapters.redis_store - INFO - Initialized technical indicators for BANKNIFTY26JANFUT with 100 OHLC bars
2026-01-23 13:55:32 - market_data.adapters.redis_store - INFO - Technical indicators service initialized in MarketStore (BACKTEST mode)
2026-01-23 13:55:32 - market_data.adapters.zerodha_options_chain - INFO - Initializing ZerodhaOptionsChainAdapter for BANKNIFTY26JANFUT
2026-01-23 13:55:32 - market_data.adapters.zerodha_options_chain - INFO - Downloading NFO instruments...
2026-01-23 13:55:38 - market_data.adapters.zerodha_options_chain - INFO - Loaded 47742 NFO instruments
2026-01-23 13:55:38 - market_data.adapters.zerodha_options_chain - INFO - Filtered 0 BANKNIFTY26JANFUT options
2026-01-23 13:55:38 - market_data.adapters.zerodha_options_chain - WARNING - No options data available, initializing...
2026-01-23 13:55:38 - market_data.adapters.zerodha_options_chain - INFO - Initializing ZerodhaOptionsChainAdapter for BANKNIFTY26JANFUT
2026-01-23 13:55:38 - market_data.adapters.zerodha_options_chain - INFO - Downloading NFO instruments...
2026-01-23 13:55:43 - market_data.adapters.zerodha_options_chain - INFO - Loaded 47742 NFO instruments
2026-01-23 13:55:43 - market_data.adapters.zerodha_options_chain - INFO - Filtered 0 BANKNIFTY26JANFUT options
2026-01-23 13:55:57 - market_data.tools.kite_auth_service - INFO - Token validated successfully for user: BV2032
2026-01-23 13:57:47 - market_data.circuit_breaker - INFO - Registered fallback for service: redis_get
2026-01-23 13:57:47 - market_data.circuit_breaker - INFO - Registered fallback for service: redis_set
2026-01-23 13:57:47 - market_data.circuit_breaker - INFO - Registered fallback for service: market_data_api
2026-01-23 13:57:47 - market_data.adapters.redis_store - INFO - MarketStore: Detected BACKTEST mode (run_id: bt_2026-01-07_zerodha)
2026-01-23 13:57:50 - market_data.adapters.redis_store - INFO - Initialized technical indicators for BANKNIFTY26JANFUT with 100 OHLC bars
2026-01-23 13:57:51 - market_data.adapters.redis_store - INFO - Initialized technical indicators for BANKNIFTY with 100 OHLC bars
2026-01-23 13:57:51 - market_data.adapters.redis_store - INFO - Technical indicators service initialized in MarketStore (BACKTEST mode)
2026-01-23 13:57:52 - market_data.adapters.zerodha_options_chain - INFO - Initializing ZerodhaOptionsChainAdapter for BANKNIFTY26JANFUT
2026-01-23 13:57:52 - market_data.adapters.zerodha_options_chain - INFO - Downloading NFO instruments...
2026-01-23 13:57:56 - market_data.adapters.zerodha_options_chain - INFO - Loaded 47742 NFO instruments
2026-01-23 13:57:56 - market_data.adapters.zerodha_options_chain - INFO - Filtered 0 BANKNIFTY26JANFUT options
2026-01-23 13:57:56 - market_data.adapters.zerodha_options_chain - WARNING - No options data available, initializing...
2026-01-23 13:57:56 - market_data.adapters.zerodha_options_chain - INFO - Initializing ZerodhaOptionsChainAdapter for BANKNIFTY26JANFUT
2026-01-23 13:57:56 - market_data.adapters.zerodha_options_chain - INFO - Downloading NFO instruments...
2026-01-23 13:58:00 - market_data.adapters.zerodha_options_chain - INFO - Loaded 47742 NFO instruments
2026-01-23 13:58:00 - market_data.adapters.zerodha_options_chain - INFO - Filtered 0 BANKNIFTY26JANFUT options
2026-01-23 13:58:04 - market_data.adapters.zerodha_options_chain - INFO - Initializing ZerodhaOptionsChainAdapter for BANKNIFTY26JANFUT
2026-01-23 13:58:04 - market_data.adapters.zerodha_options_chain - INFO - Downloading NFO instruments...
2026-01-23 13:58:08 - market_data.adapters.zerodha_options_chain - INFO - Loaded 47742 NFO instruments
2026-01-23 13:58:08 - market_data.adapters.zerodha_options_chain - INFO - Filtered 0 BANKNIFTY26JANFUT options
2026-01-23 13:58:08 - market_data.adapters.zerodha_options_chain - WARNING - No options data available, initializing...
2026-01-23 13:58:08 - market_data.adapters.zerodha_options_chain - INFO - Initializing ZerodhaOptionsChainAdapter for BANKNIFTY26JANFUT
2026-01-23 13:58:08 - market_data.adapters.zerodha_options_chain - INFO - Downloading NFO instruments...
2026-01-23 13:58:13 - market_data.adapters.zerodha_options_chain - INFO - Loaded 47742 NFO instruments
2026-01-23 13:58:13 - market_data.adapters.zerodha_options_chain - INFO - Filtered 0 BANKNIFTY26JANFUT options
2026-01-23 13:58:19 - market_data.adapters.zerodha_options_chain - INFO - Initializing ZerodhaOptionsChainAdapter for BANKNIFTY26JANFUT
2026-01-23 13:58:19 - market_data.adapters.zerodha_options_chain - INFO - Downloading NFO instruments...
2026-01-23 13:58:23 - market_data.adapters.zerodha_options_chain - INFO - Loaded 47742 NFO instruments
2026-01-23 13:58:23 - market_data.adapters.zerodha_options_chain - INFO - Filtered 0 BANKNIFTY26JANFUT options
2026-01-23 13:58:23 - market_data.adapters.zerodha_options_chain - WARNING - No options data available, initializing...
2026-01-23 13:58:23 - market_data.adapters.zerodha_options_chain - INFO - Initializing ZerodhaOptionsChainAdapter for BANKNIFTY26JANFUT
2026-01-23 13:58:23 - market_data.adapters.zerodha_options_chain - INFO - Downloading NFO instruments...
2026-01-23 13:58:29 - market_data.adapters.zerodha_options_chain - INFO - Loaded 47742 NFO instruments
2026-01-23 13:58:29 - market_data.adapters.zerodha_options_chain - INFO - Filtered 0 BANKNIFTY26JANFUT options
2026-01-23 13:58:34 - market_data.adapters.zerodha_options_chain - INFO - Initializing ZerodhaOptionsChainAdapter for BANKNIFTY26JANFUT
2026-01-23 13:58:34 - market_data.adapters.zerodha_options_chain - INFO - Downloading NFO instruments...
2026-01-23 13:58:38 - market_data.adapters.zerodha_options_chain - INFO - Loaded 47742 NFO instruments
2026-01-23 13:58:38 - market_data.adapters.zerodha_options_chain - INFO - Filtered 0 BANKNIFTY26JANFUT options
2026-01-23 13:58:38 - market_data.adapters.zerodha_options_chain - WARNING - No options data available, initializing...
2026-01-23 13:58:38 - market_data.adapters.zerodha_options_chain - INFO - Initializing ZerodhaOptionsChainAdapter for BANKNIFTY26JANFUT
2026-01-23 13:58:38 - market_data.adapters.zerodha_options_chain - INFO - Downloading NFO instruments...
2026-01-23 13:58:42 - market_data.adapters.zerodha_options_chain - INFO - Loaded 47742 NFO instruments
2026-01-23 13:58:42 - market_data.adapters.zerodha_options_chain - INFO - Filtered 0 BANKNIFTY26JANFUT options
2026-01-23 13:58:46 - market_data.adapters.zerodha_options_chain - INFO - Initializing ZerodhaOptionsChainAdapter for BANKNIFTY26JANFUT
2026-01-23 13:58:46 - market_data.adapters.zerodha_options_chain - INFO - Downloading NFO instruments...
2026-01-23 13:58:53 - market_data.adapters.zerodha_options_chain - INFO - Loaded 47742 NFO instruments
2026-01-23 13:58:53 - market_data.adapters.zerodha_options_chain - INFO - Filtered 0 BANKNIFTY26JANFUT options
2026-01-23 13:58:53 - market_data.adapters.zerodha_options_chain - WARNING - No options data available, initializing...
2026-01-23 13:58:53 - market_data.adapters.zerodha_options_chain - INFO - Initializing ZerodhaOptionsChainAdapter for BANKNIFTY26JANFUT
2026-01-23 13:58:53 - market_data.adapters.zerodha_options_chain - INFO - Downloading NFO instruments...
2026-01-23 13:58:58 - market_data.adapters.zerodha_options_chain - INFO - Loaded 47742 NFO instruments
2026-01-23 13:58:58 - market_data.adapters.zerodha_options_chain - INFO - Filtered 0 BANKNIFTY26JANFUT options
2026-01-23 13:59:11 - market_data.adapters.zerodha_options_chain - INFO - Initializing ZerodhaOptionsChainAdapter for BANKNIFTY26JANFUT
2026-01-23 13:59:11 - market_data.adapters.zerodha_options_chain - INFO - Downloading NFO instruments...
2026-01-23 13:59:21 - market_data.adapters.zerodha_options_chain - INFO - Loaded 47742 NFO instruments
2026-01-23 13:59:21 - market_data.adapters.zerodha_options_chain - INFO - Filtered 0 BANKNIFTY26JANFUT options
2026-01-23 13:59:21 - market_data.adapters.zerodha_options_chain - WARNING - No options data available, initializing...
2026-01-23 13:59:21 - market_data.adapters.zerodha_options_chain - INFO - Initializing ZerodhaOptionsChainAdapter for BANKNIFTY26JANFUT
2026-01-23 13:59:21 - market_data.adapters.zerodha_options_chain - INFO - Downloading NFO instruments...
2026-01-23 13:59:31 - market_data.adapters.zerodha_options_chain - INFO - Loaded 47742 NFO instruments
2026-01-23 13:59:31 - market_data.adapters.zerodha_options_chain - INFO - Filtered 0 BANKNIFTY26JANFUT options
2026-01-23 13:59:32 - market_data.adapters.zerodha_options_chain - INFO - Initializing ZerodhaOptionsChainAdapter for BANKNIFTY26JANFUT
2026-01-23 13:59:32 - market_data.adapters.zerodha_options_chain - INFO - Downloading NFO instruments...
2026-01-23 13:59:42 - market_data.adapters.zerodha_options_chain - INFO - Loaded 47742 NFO instruments
2026-01-23 13:59:42 - market_data.adapters.zerodha_options_chain - INFO - Filtered 0 BANKNIFTY26JANFUT options
2026-01-23 13:59:42 - market_data.adapters.zerodha_options_chain - WARNING - No options data available, initializing...
2026-01-23 13:59:42 - market_data.adapters.zerodha_options_chain - INFO - Initializing ZerodhaOptionsChainAdapter for BANKNIFTY26JANFUT
2026-01-23 13:59:42 - market_data.adapters.zerodha_options_chain - INFO - Downloading NFO instruments...
2026-01-23 13:59:52 - market_data.adapters.zerodha_options_chain - INFO - Loaded 47742 NFO instruments
2026-01-23 13:59:52 - market_data.adapters.zerodha_options_chain - INFO - Filtered 0 BANKNIFTY26JANFUT options
2026-01-23 14:00:03 - market_data.adapters.zerodha_options_chain - INFO - Initializing ZerodhaOptionsChainAdapter for BANKNIFTY26JANFUT
2026-01-23 14:00:03 - market_data.adapters.zerodha_options_chain - INFO - Downloading NFO instruments...
2026-01-23 14:00:10 - market_data.adapters.zerodha_options_chain - INFO - Loaded 47742 NFO instruments
2026-01-23 14:00:10 - market_data.adapters.zerodha_options_chain - INFO - Filtered 0 BANKNIFTY26JANFUT options
2026-01-23 14:00:10 - market_data.adapters.zerodha_options_chain - WARNING - No options data available, initializing...
2026-01-23 14:00:10 - market_data.adapters.zerodha_options_chain - INFO - Initializing ZerodhaOptionsChainAdapter for BANKNIFTY26JANFUT
2026-01-23 14:00:10 - market_data.adapters.zerodha_options_chain - INFO - Downloading NFO instruments...
2026-01-23 14:00:17 - market_data.adapters.zerodha_options_chain - INFO - Loaded 47742 NFO instruments
2026-01-23 14:00:17 - market_data.adapters.zerodha_options_chain - INFO - Filtered 0 BANKNIFTY26JANFUT options
2026-01-23 14:00:25 - market_data.adapters.zerodha_options_chain - INFO - Initializing ZerodhaOptionsChainAdapter for BANKNIFTY26JANFUT
2026-01-23 14:00:25 - market_data.adapters.zerodha_options_chain - INFO - Downloading NFO instruments...
2026-01-23 14:00:30 - market_data.adapters.zerodha_options_chain - INFO - Loaded 47742 NFO instruments
2026-01-23 14:00:30 - market_data.adapters.zerodha_options_chain - INFO - Filtered 0 BANKNIFTY26JANFUT options
2026-01-23 14:00:30 - market_data.adapters.zerodha_options_chain - WARNING - No options data available, initializing...
2026-01-23 14:00:30 - market_data.adapters.zerodha_options_chain - INFO - Initializing ZerodhaOptionsChainAdapter for BANKNIFTY26JANFUT
2026-01-23 14:00:30 - market_data.adapters.zerodha_options_chain - INFO - Downloading NFO instruments...
2026-01-23 14:00:40 - market_data.adapters.zerodha_options_chain - INFO - Loaded 47742 NFO instruments
2026-01-23 14:00:40 - market_data.adapters.zerodha_options_chain - INFO - Filtered 0 BANKNIFTY26JANFUT options
2026-01-23 14:00:47 - market_data.adapters.zerodha_options_chain - INFO - Initializing ZerodhaOptionsChainAdapter for BANKNIFTY26JANFUT
2026-01-23 14:00:47 - market_data.adapters.zerodha_options_chain - INFO - Downloading NFO instruments...
2026-01-23 14:00:57 - market_data.adapters.zerodha_options_chain - INFO - Loaded 47742 NFO instruments
2026-01-23 14:00:57 - market_data.adapters.zerodha_options_chain - INFO - Filtered 0 BANKNIFTY26JANFUT options
2026-01-23 14:00:58 - market_data.adapters.zerodha_options_chain - WARNING - No options data available, initializing...
2026-01-23 14:00:58 - market_data.adapters.zerodha_options_chain - INFO - Initializing ZerodhaOptionsChainAdapter for BANKNIFTY26JANFUT
2026-01-23 14:00:58 - market_data.adapters.zerodha_options_chain - INFO - Downloading NFO instruments...
2026-01-23 14:01:09 - market_data.adapters.zerodha_options_chain - INFO - Loaded 47742 NFO instruments
2026-01-23 14:01:09 - market_data.adapters.zerodha_options_chain - INFO - Filtered 0 BANKNIFTY26JANFUT options
2026-01-23 14:01:20 - market_data.adapters.zerodha_options_chain - INFO - Initializing ZerodhaOptionsChainAdapter for BANKNIFTY26JANFUT
2026-01-23 14:01:20 - market_data.adapters.zerodha_options_chain - INFO - Downloading NFO instruments...
2026-01-23 14:01:29 - market_data.adapters.zerodha_options_chain - INFO - Loaded 47742 NFO instruments
2026-01-23 14:01:29 - market_data.adapters.zerodha_options_chain - INFO - Filtered 0 BANKNIFTY26JANFUT options
2026-01-23 14:01:29 - market_data.adapters.zerodha_options_chain - WARNING - No options data available, initializing...
2026-01-23 14:01:29 - market_data.adapters.zerodha_options_chain - INFO - Initializing ZerodhaOptionsChainAdapter for BANKNIFTY26JANFUT
2026-01-23 14:01:29 - market_data.adapters.zerodha_options_chain - INFO - Downloading NFO instruments...
2026-01-23 14:01:37 - market_data.adapters.zerodha_options_chain - INFO - Loaded 47742 NFO instruments
2026-01-23 14:01:37 - market_data.adapters.zerodha_options_chain - INFO - Filtered 0 BANKNIFTY26JANFUT options
2026-01-23 14:01:46 - market_data.adapters.zerodha_options_chain - INFO - Initializing ZerodhaOptionsChainAdapter for BANKNIFTY26JANFUT
2026-01-23 14:01:46 - market_data.adapters.zerodha_options_chain - INFO - Downloading NFO instruments...
2026-01-23 14:01:54 - market_data.adapters.zerodha_options_chain - INFO - Loaded 47742 NFO instruments
2026-01-23 14:01:54 - market_data.adapters.zerodha_options_chain - INFO - Filtered 0 BANKNIFTY26JANFUT options
2026-01-23 14:01:54 - market_data.adapters.zerodha_options_chain - WARNING - No options data available, initializing...
2026-01-23 14:01:54 - market_data.adapters.zerodha_options_chain - INFO - Initializing ZerodhaOptionsChainAdapter for BANKNIFTY26JANFUT
2026-01-23 14:01:54 - market_data.adapters.zerodha_options_chain - INFO - Downloading NFO instruments...
2026-01-23 14:02:00 - market_data.adapters.zerodha_options_chain - INFO - Loaded 47742 NFO instruments
2026-01-23 14:02:00 - market_data.adapters.zerodha_options_chain - INFO - Filtered 0 BANKNIFTY26JANFUT options
2026-01-23 14:02:05 - market_data.adapters.zerodha_options_chain - INFO - Initializing ZerodhaOptionsChainAdapter for BANKNIFTY26JANFUT
2026-01-23 14:02:05 - market_data.adapters.zerodha_options_chain - INFO - Downloading NFO instruments...
2026-01-23 14:02:10 - market_data.adapters.zerodha_options_chain - INFO - Loaded 47742 NFO instruments
2026-01-23 14:02:10 - market_data.adapters.zerodha_options_chain - INFO - Filtered 0 BANKNIFTY26JANFUT options
2026-01-23 14:02:10 - market_data.adapters.zerodha_options_chain - WARNING - No options data available, initializing...
2026-01-23 14:02:10 - market_data.adapters.zerodha_options_chain - INFO - Initializing ZerodhaOptionsChainAdapter for BANKNIFTY26JANFUT
2026-01-23 14:02:10 - market_data.adapters.zerodha_options_chain - INFO - Downloading NFO instruments...
2026-01-23 14:02:17 - market_data.adapters.zerodha_options_chain - INFO - Loaded 47742 NFO instruments
2026-01-23 14:02:17 - market_data.adapters.zerodha_options_chain - INFO - Filtered 0 BANKNIFTY26JANFUT options
2026-01-23 14:02:21 - market_data.adapters.zerodha_options_chain - INFO - Initializing ZerodhaOptionsChainAdapter for BANKNIFTY26JANFUT
2026-01-23 14:02:21 - market_data.adapters.zerodha_options_chain - INFO - Downloading NFO instruments...
2026-01-23 14:02:25 - market_data.adapters.zerodha_options_chain - INFO - Loaded 47742 NFO instruments
2026-01-23 14:02:25 - market_data.adapters.zerodha_options_chain - INFO - Filtered 0 BANKNIFTY26JANFUT options
2026-01-23 14:02:25 - market_data.adapters.zerodha_options_chain - WARNING - No options data available, initializing...
2026-01-23 14:02:25 - market_data.adapters.zerodha_options_chain - INFO - Initializing ZerodhaOptionsChainAdapter for BANKNIFTY26JANFUT
2026-01-23 14:02:25 - market_data.adapters.zerodha_options_chain - INFO - Downloading NFO instruments...
2026-01-23 14:02:28 - market_data.adapters.zerodha_options_chain - INFO - Loaded 47742 NFO instruments
2026-01-23 14:02:28 - market_data.adapters.zerodha_options_chain - INFO - Filtered 0 BANKNIFTY26JANFUT options
2026-01-23 14:02:33 - market_data.adapters.zerodha_options_chain - INFO - Initializing ZerodhaOptionsChainAdapter for BANKNIFTY26JANFUT
2026-01-23 14:02:33 - market_data.adapters.zerodha_options_chain - INFO - Downloading NFO instruments...
2026-01-23 14:02:38 - market_data.adapters.zerodha_options_chain - INFO - Loaded 47742 NFO instruments
2026-01-23 14:02:38 - market_data.adapters.zerodha_options_chain - INFO - Filtered 0 BANKNIFTY26JANFUT options
2026-01-23 14:02:38 - market_data.adapters.zerodha_options_chain - WARNING - No options data available, initializing...
2026-01-23 14:02:38 - market_data.adapters.zerodha_options_chain - INFO - Initializing ZerodhaOptionsChainAdapter for BANKNIFTY26JANFUT
2026-01-23 14:02:38 - market_data.adapters.zerodha_options_chain - INFO - Downloading NFO instruments...
2026-01-23 14:02:44 - market_data.adapters.zerodha_options_chain - INFO - Loaded 47742 NFO instruments
2026-01-23 14:02:44 - market_data.adapters.zerodha_options_chain - INFO - Filtered 0 BANKNIFTY26JANFUT options
2026-01-23 14:43:26 - market_data.tools.kite_auth_service - INFO - Token validated successfully for user: BV2032
2026-01-23 14:47:13 - market_data.circuit_breaker - INFO - Registered fallback for service: redis_get
2026-01-23 14:47:13 - market_data.circuit_breaker - INFO - Registered fallback for service: redis_set
2026-01-23 14:47:13 - market_data.circuit_breaker - INFO - Registered fallback for service: market_data_api
2026-01-23 14:47:13 - market_data.adapters.redis_store - INFO - MarketStore: Detected BACKTEST mode (run_id: bt_2026-01-07_zerodha)
2026-01-23 14:47:14 - market_data.adapters.redis_store - INFO - Initialized technical indicators for BANKNIFTY26JANFUT with 100 OHLC bars
2026-01-23 14:47:16 - market_data.adapters.redis_store - INFO - Initialized technical indicators for BANKNIFTY with 100 OHLC bars
2026-01-23 14:47:16 - market_data.adapters.redis_store - INFO - Technical indicators service initialized in MarketStore (BACKTEST mode)
2026-01-23 14:47:17 - market_data.adapters.zerodha_options_chain - INFO - Initializing ZerodhaOptionsChainAdapter for BANKNIFTY26JANFUT
2026-01-23 14:47:17 - market_data.adapters.zerodha_options_chain - INFO - Downloading NFO instruments...
2026-01-23 14:47:24 - market_data.adapters.zerodha_options_chain - INFO - Loaded 47906 NFO instruments
2026-01-23 14:47:24 - market_data.adapters.zerodha_options_chain - INFO - Filtered 0 BANKNIFTY26JANFUT options
2026-01-23 14:47:24 - market_data.adapters.zerodha_options_chain - WARNING - No options data available, initializing...
2026-01-23 14:47:24 - market_data.adapters.zerodha_options_chain - INFO - Initializing ZerodhaOptionsChainAdapter for BANKNIFTY26JANFUT
2026-01-23 14:47:24 - market_data.adapters.zerodha_options_chain - INFO - Downloading NFO instruments...
2026-01-23 14:47:31 - market_data.adapters.zerodha_options_chain - INFO - Loaded 47906 NFO instruments
2026-01-23 14:47:31 - market_data.adapters.zerodha_options_chain - INFO - Filtered 0 BANKNIFTY26JANFUT options
2026-01-23 14:47:35 - market_data.adapters.zerodha_options_chain - INFO - Initializing ZerodhaOptionsChainAdapter for BANKNIFTY26JANFUT
2026-01-23 14:47:35 - market_data.adapters.zerodha_options_chain - INFO - Downloading NFO instruments...
2026-01-23 14:47:41 - market_data.adapters.zerodha_options_chain - INFO - Loaded 47906 NFO instruments
2026-01-23 14:47:41 - market_data.adapters.zerodha_options_chain - INFO - Filtered 0 BANKNIFTY26JANFUT options
2026-01-23 14:47:41 - market_data.adapters.zerodha_options_chain - WARNING - No options data available, initializing...
2026-01-23 14:47:41 - market_data.adapters.zerodha_options_chain - INFO - Initializing ZerodhaOptionsChainAdapter for BANKNIFTY26JANFUT
2026-01-23 14:47:41 - market_data.adapters.zerodha_options_chain - INFO - Downloading NFO instruments...
2026-01-23 14:47:46 - market_data.adapters.zerodha_options_chain - INFO - Loaded 47906 NFO instruments
2026-01-23 14:47:46 - market_data.adapters.zerodha_options_chain - INFO - Filtered 0 BANKNIFTY26JANFUT options
2026-01-23 14:47:56 - market_data.adapters.zerodha_options_chain - INFO - Initializing ZerodhaOptionsChainAdapter for BANKNIFTY26JANFUT
2026-01-23 14:47:56 - market_data.adapters.zerodha_options_chain - INFO - Downloading NFO instruments...
2026-01-23 14:48:01 - market_data.adapters.zerodha_options_chain - INFO - Loaded 47906 NFO instruments
2026-01-23 14:48:01 - market_data.adapters.zerodha_options_chain - INFO - Filtered 0 BANKNIFTY26JANFUT options
2026-01-23 14:48:01 - market_data.adapters.zerodha_options_chain - WARNING - No options data available, initializing...
2026-01-23 14:48:01 - market_data.adapters.zerodha_options_chain - INFO - Initializing ZerodhaOptionsChainAdapter for BANKNIFTY26JANFUT
2026-01-23 14:48:01 - market_data.adapters.zerodha_options_chain - INFO - Downloading NFO instruments...
2026-01-23 14:48:06 - market_data.adapters.zerodha_options_chain - INFO - Loaded 47906 NFO instruments
2026-01-23 14:48:06 - market_data.adapters.zerodha_options_chain - INFO - Filtered 0 BANKNIFTY26JANFUT options
2026-01-23 14:48:06 - market_data.adapters.zerodha_options_chain - INFO - Initializing ZerodhaOptionsChainAdapter for BANKNIFTY26JANFUT
2026-01-23 14:48:06 - market_data.adapters.zerodha_options_chain - INFO - Downloading NFO instruments...
2026-01-23 14:48:12 - market_data.adapters.zerodha_options_chain - INFO - Loaded 47906 NFO instruments
2026-01-23 14:48:12 - market_data.adapters.zerodha_options_chain - INFO - Filtered 0 BANKNIFTY26JANFUT options
2026-01-23 14:48:12 - market_data.adapters.zerodha_options_chain - WARNING - No options data available, initializing...
2026-01-23 14:48:12 - market_data.adapters.zerodha_options_chain - INFO - Initializing ZerodhaOptionsChainAdapter for BANKNIFTY26JANFUT
2026-01-23 14:48:12 - market_data.adapters.zerodha_options_chain - INFO - Downloading NFO instruments...
2026-01-23 14:48:18 - market_data.adapters.zerodha_options_chain - INFO - Loaded 47906 NFO instruments
2026-01-23 14:48:18 - market_data.adapters.zerodha_options_chain - INFO - Filtered 0 BANKNIFTY26JANFUT options
2026-01-23 14:48:27 - market_data.adapters.zerodha_options_chain - INFO - Initializing ZerodhaOptionsChainAdapter for BANKNIFTY26JANFUT
2026-01-23 14:48:27 - market_data.adapters.zerodha_options_chain - INFO - Downloading NFO instruments...
2026-01-23 14:48:31 - market_data.adapters.zerodha_options_chain - INFO - Loaded 47906 NFO instruments
2026-01-23 14:48:31 - market_data.adapters.zerodha_options_chain - INFO - Filtered 0 BANKNIFTY26JANFUT options
2026-01-23 14:48:31 - market_data.adapters.zerodha_options_chain - WARNING - No options data available, initializing...
2026-01-23 14:48:31 - market_data.adapters.zerodha_options_chain - INFO - Initializing ZerodhaOptionsChainAdapter for BANKNIFTY26JANFUT
2026-01-23 14:48:31 - market_data.adapters.zerodha_options_chain - INFO - Downloading NFO instruments...
2026-01-23 14:48:35 - market_data.adapters.zerodha_options_chain - INFO - Loaded 47906 NFO instruments
2026-01-23 14:48:35 - market_data.adapters.zerodha_options_chain - INFO - Filtered 0 BANKNIFTY26JANFUT options
2026-01-23 14:48:36 - market_data.adapters.zerodha_options_chain - INFO - Initializing ZerodhaOptionsChainAdapter for BANKNIFTY26JANFUT
2026-01-23 14:48:36 - market_data.adapters.zerodha_options_chain - INFO - Downloading NFO instruments...
2026-01-23 14:48:39 - market_data.adapters.zerodha_options_chain - INFO - Loaded 47906 NFO instruments
2026-01-23 14:48:39 - market_data.adapters.zerodha_options_chain - INFO - Filtered 0 BANKNIFTY26JANFUT options
2026-01-23 14:48:40 - market_data.adapters.zerodha_options_chain - WARNING - No options data available, initializing...
2026-01-23 14:48:40 - market_data.adapters.zerodha_options_chain - INFO - Initializing ZerodhaOptionsChainAdapter for BANKNIFTY26JANFUT
2026-01-23 14:48:40 - market_data.adapters.zerodha_options_chain - INFO - Downloading NFO instruments...
2026-01-23 14:48:43 - market_data.adapters.zerodha_options_chain - INFO - Loaded 47906 NFO instruments
2026-01-23 14:48:43 - market_data.adapters.zerodha_options_chain - INFO - Filtered 0 BANKNIFTY26JANFUT options
2026-01-23 14:48:48 - market_data.adapters.zerodha_options_chain - INFO - Initializing ZerodhaOptionsChainAdapter for BANKNIFTY26JANFUT
2026-01-23 14:48:48 - market_data.adapters.zerodha_options_chain - INFO - Downloading NFO instruments...
2026-01-23 14:48:53 - market_data.adapters.zerodha_options_chain - INFO - Loaded 47906 NFO instruments
2026-01-23 14:48:53 - market_data.adapters.zerodha_options_chain - INFO - Filtered 0 BANKNIFTY26JANFUT options
2026-01-23 14:48:53 - market_data.adapters.zerodha_options_chain - WARNING - No options data available, initializing...
2026-01-23 14:48:53 - market_data.adapters.zerodha_options_chain - INFO - Initializing ZerodhaOptionsChainAdapter for BANKNIFTY26JANFUT
2026-01-23 14:48:53 - market_data.adapters.zerodha_options_chain - INFO - Downloading NFO instruments...
2026-01-23 14:48:57 - market_data.adapters.zerodha_options_chain - INFO - Loaded 47906 NFO instruments
2026-01-23 14:48:58 - market_data.adapters.zerodha_options_chain - INFO - Filtered 0 BANKNIFTY26JANFUT options
2026-01-23 14:49:02 - market_data.adapters.zerodha_options_chain - INFO - Initializing ZerodhaOptionsChainAdapter for BANKNIFTY26JANFUT
2026-01-23 14:49:02 - market_data.adapters.zerodha_options_chain - INFO - Downloading NFO instruments...
2026-01-23 14:49:07 - market_data.adapters.zerodha_options_chain - INFO - Loaded 47906 NFO instruments
2026-01-23 14:49:07 - market_data.adapters.zerodha_options_chain - INFO - Filtered 0 BANKNIFTY26JANFUT options
2026-01-23 14:49:07 - market_data.adapters.zerodha_options_chain - WARNING - No options data available, initializing...
2026-01-23 14:49:07 - market_data.adapters.zerodha_options_chain - INFO - Initializing ZerodhaOptionsChainAdapter for BANKNIFTY26JANFUT
2026-01-23 14:49:07 - market_data.adapters.zerodha_options_chain - INFO - Downloading NFO instruments...
2026-01-23 14:49:11 - market_data.adapters.zerodha_options_chain - INFO - Loaded 47906 NFO instruments
2026-01-23 14:49:11 - market_data.adapters.zerodha_options_chain - INFO - Filtered 0 BANKNIFTY26JANFUT options
2026-01-23 14:49:16 - market_data.adapters.zerodha_options_chain - INFO - Initializing ZerodhaOptionsChainAdapter for BANKNIFTY26JANFUT
2026-01-23 14:49:16 - market_data.adapters.zerodha_options_chain - INFO - Downloading NFO instruments...
2026-01-23 14:49:22 - market_data.adapters.zerodha_options_chain - INFO - Loaded 47906 NFO instruments
2026-01-23 14:49:22 - market_data.adapters.zerodha_options_chain - INFO - Filtered 0 BANKNIFTY26JANFUT options
2026-01-23 14:49:22 - market_data.adapters.zerodha_options_chain - WARNING - No options data available, initializing...
2026-01-23 14:49:22 - market_data.adapters.zerodha_options_chain - INFO - Initializing ZerodhaOptionsChainAdapter for BANKNIFTY26JANFUT
2026-01-23 14:49:22 - market_data.adapters.zerodha_options_chain - INFO - Downloading NFO instruments...
2026-01-23 14:49:28 - market_data.adapters.zerodha_options_chain - INFO - Loaded 47906 NFO instruments
2026-01-23 14:49:28 - market_data.adapters.zerodha_options_chain - INFO - Filtered 0 BANKNIFTY26JANFUT options
2026-01-23 14:49:34 - market_data.adapters.zerodha_options_chain - INFO - Initializing ZerodhaOptionsChainAdapter for BANKNIFTY26JANFUT
2026-01-23 14:49:34 - market_data.adapters.zerodha_options_chain - INFO - Downloading NFO instruments...
2026-01-23 14:49:40 - market_data.adapters.zerodha_options_chain - INFO - Loaded 47906 NFO instruments
2026-01-23 14:49:40 - market_data.adapters.zerodha_options_chain - INFO - Filtered 0 BANKNIFTY26JANFUT options
2026-01-23 14:49:40 - market_data.adapters.zerodha_options_chain - WARNING - No options data available, initializing...
2026-01-23 14:49:40 - market_data.adapters.zerodha_options_chain - INFO - Initializing ZerodhaOptionsChainAdapter for BANKNIFTY26JANFUT
2026-01-23 14:49:40 - market_data.adapters.zerodha_options_chain - INFO - Downloading NFO instruments...
2026-01-23 14:49:44 - market_data.adapters.zerodha_options_chain - INFO - Loaded 47906 NFO instruments
2026-01-23 14:49:44 - market_data.adapters.zerodha_options_chain - INFO - Filtered 0 BANKNIFTY26JANFUT options
2026-01-23 14:49:48 - market_data.adapters.zerodha_options_chain - INFO - Initializing ZerodhaOptionsChainAdapter for BANKNIFTY26JANFUT
2026-01-23 14:49:48 - market_data.adapters.zerodha_options_chain - INFO - Downloading NFO instruments...
2026-01-23 14:49:54 - market_data.adapters.zerodha_options_chain - INFO - Loaded 47906 NFO instruments
2026-01-23 14:49:54 - market_data.adapters.zerodha_options_chain - INFO - Filtered 0 BANKNIFTY26JANFUT options
2026-01-23 14:49:54 - market_data.adapters.zerodha_options_chain - WARNING - No options data available, initializing...
2026-01-23 14:49:54 - market_data.adapters.zerodha_options_chain - INFO - Initializing ZerodhaOptionsChainAdapter for BANKNIFTY26JANFUT
2026-01-23 14:49:54 - market_data.adapters.zerodha_options_chain - INFO - Downloading NFO instruments...
2026-01-23 14:49:59 - market_data.adapters.zerodha_options_chain - INFO - Loaded 47906 NFO instruments
2026-01-23 14:49:59 - market_data.adapters.zerodha_options_chain - INFO - Filtered 0 BANKNIFTY26JANFUT options
2026-01-23 14:50:04 - market_data.adapters.zerodha_options_chain - INFO - Initializing ZerodhaOptionsChainAdapter for BANKNIFTY26JANFUT
2026-01-23 14:50:04 - market_data.adapters.zerodha_options_chain - INFO - Downloading NFO instruments...
2026-01-23 14:50:10 - market_data.adapters.zerodha_options_chain - INFO - Loaded 47906 NFO instruments
2026-01-23 14:50:10 - market_data.adapters.zerodha_options_chain - INFO - Filtered 0 BANKNIFTY26JANFUT options
2026-01-23 14:50:10 - market_data.adapters.zerodha_options_chain - WARNING - No options data available, initializing...
2026-01-23 14:50:10 - market_data.adapters.zerodha_options_chain - INFO - Initializing ZerodhaOptionsChainAdapter for BANKNIFTY26JANFUT
2026-01-23 14:50:10 - market_data.adapters.zerodha_options_chain - INFO - Downloading NFO instruments...
2026-01-23 14:50:15 - market_data.adapters.zerodha_options_chain - INFO - Loaded 47906 NFO instruments
2026-01-23 14:50:15 - market_data.adapters.zerodha_options_chain - INFO - Filtered 0 BANKNIFTY26JANFUT options
2026-01-23 14:50:21 - market_data.adapters.zerodha_options_chain - INFO - Initializing ZerodhaOptionsChainAdapter for BANKNIFTY26JANFUT
2026-01-23 14:50:21 - market_data.adapters.zerodha_options_chain - INFO - Downloading NFO instruments...
2026-01-23 14:50:30 - market_data.adapters.zerodha_options_chain - INFO - Loaded 47906 NFO instruments
2026-01-23 14:50:30 - market_data.adapters.zerodha_options_chain - INFO - Filtered 0 BANKNIFTY26JANFUT options
2026-01-23 14:50:30 - market_data.adapters.zerodha_options_chain - WARNING - No options data available, initializing...
2026-01-23 14:50:30 - market_data.adapters.zerodha_options_chain - INFO - Initializing ZerodhaOptionsChainAdapter for BANKNIFTY26JANFUT
2026-01-23 14:50:30 - market_data.adapters.zerodha_options_chain - INFO - Downloading NFO instruments...
2026-01-23 14:50:35 - market_data.adapters.zerodha_options_chain - INFO - Loaded 47906 NFO instruments
2026-01-23 14:50:36 - market_data.adapters.zerodha_options_chain - INFO - Filtered 0 BANKNIFTY26JANFUT options
2026-01-23 14:50:43 - market_data.adapters.zerodha_options_chain - INFO - Initializing ZerodhaOptionsChainAdapter for BANKNIFTY26JANFUT
2026-01-23 14:50:43 - market_data.adapters.zerodha_options_chain - INFO - Downloading NFO instruments...
2026-01-23 14:50:51 - market_data.adapters.zerodha_options_chain - INFO - Loaded 47906 NFO instruments
2026-01-23 14:50:51 - market_data.adapters.zerodha_options_chain - INFO - Filtered 0 BANKNIFTY26JANFUT options
2026-01-23 14:50:51 - market_data.adapters.zerodha_options_chain - WARNING - No options data available, initializing...
2026-01-23 14:50:51 - market_data.adapters.zerodha_options_chain - INFO - Initializing ZerodhaOptionsChainAdapter for BANKNIFTY26JANFUT
2026-01-23 14:50:51 - market_data.adapters.zerodha_options_chain - INFO - Downloading NFO instruments...
2026-01-23 14:50:59 - market_data.adapters.zerodha_options_chain - INFO - Loaded 47906 NFO instruments
2026-01-23 14:50:59 - market_data.adapters.zerodha_options_chain - INFO - Filtered 0 BANKNIFTY26JANFUT options
2026-01-23 14:51:05 - market_data.adapters.zerodha_options_chain - INFO - Initializing ZerodhaOptionsChainAdapter for BANKNIFTY26JANFUT
2026-01-23 14:51:05 - market_data.adapters.zerodha_options_chain - INFO - Downloading NFO instruments...
2026-01-23 14:51:15 - market_data.adapters.zerodha_options_chain - INFO - Loaded 47906 NFO instruments
2026-01-23 14:51:15 - market_data.adapters.zerodha_options_chain - INFO - Filtered 0 BANKNIFTY26JANFUT options
2026-01-23 14:51:15 - market_data.adapters.zerodha_options_chain - WARNING - No options data available, initializing...
2026-01-23 14:51:15 - market_data.adapters.zerodha_options_chain - INFO - Initializing ZerodhaOptionsChainAdapter for BANKNIFTY26JANFUT
2026-01-23 14:51:15 - market_data.adapters.zerodha_options_chain - INFO - Downloading NFO instruments...
2026-01-23 14:51:27 - market_data.adapters.zerodha_options_chain - INFO - Loaded 47906 NFO instruments
2026-01-23 14:51:27 - market_data.adapters.zerodha_options_chain - INFO - Filtered 0 BANKNIFTY26JANFUT options
2026-01-23 15:23:35 - market_data.adapters.zerodha_options_chain - INFO - Initializing ZerodhaOptionsChainAdapter for BANKNIFTY26JANFUT
2026-01-23 15:23:35 - market_data.adapters.zerodha_options_chain - INFO - Downloading NFO instruments...
2026-01-23 15:24:07 - market_data.adapters.zerodha_options_chain - INFO - Loaded 47906 NFO instruments
2026-01-23 15:24:07 - market_data.adapters.zerodha_options_chain - INFO - Filtered 0 BANKNIFTY26JANFUT options
2026-01-23 15:24:07 - market_data.adapters.zerodha_options_chain - WARNING - No options data available, initializing...
2026-01-23 15:24:07 - market_data.adapters.zerodha_options_chain - INFO - Initializing ZerodhaOptionsChainAdapter for BANKNIFTY26JANFUT
2026-01-23 15:24:07 - market_data.adapters.zerodha_options_chain - INFO - Downloading NFO instruments...
2026-01-23 15:24:20 - market_data.adapters.zerodha_options_chain - INFO - Loaded 47906 NFO instruments
2026-01-23 15:24:21 - market_data.adapters.zerodha_options_chain - INFO - Filtered 0 BANKNIFTY26JANFUT options
2026-01-23 15:24:21 - market_data.adapters.zerodha_options_chain - INFO - Retrieved last prices for 276 option contracts
2026-01-23 15:24:21 - market_data.adapters.zerodha_options_chain - INFO - Using underlying price 58384.6 for BANKNIFTY
2026-01-23 15:24:27 - market_data.adapters.zerodha_options_chain - INFO - Initializing ZerodhaOptionsChainAdapter for BANKNIFTY26JANFUT
2026-01-23 15:24:27 - market_data.adapters.zerodha_options_chain - INFO - Downloading NFO instruments...
2026-01-23 15:24:41 - market_data.adapters.zerodha_options_chain - INFO - Loaded 47906 NFO instruments
2026-01-23 15:24:41 - market_data.adapters.zerodha_options_chain - INFO - Filtered 0 BANKNIFTY26JANFUT options
2026-01-23 15:24:41 - market_data.adapters.zerodha_options_chain - WARNING - No options data available, initializing...
2026-01-23 15:24:41 - market_data.adapters.zerodha_options_chain - INFO - Initializing ZerodhaOptionsChainAdapter for BANKNIFTY26JANFUT
2026-01-23 15:24:41 - market_data.adapters.zerodha_options_chain - INFO - Downloading NFO instruments...
2026-01-23 15:24:49 - market_data.adapters.zerodha_options_chain - INFO - Loaded 47906 NFO instruments
2026-01-23 15:24:49 - market_data.adapters.zerodha_options_chain - INFO - Filtered 0 BANKNIFTY26JANFUT options
2026-01-23 15:24:50 - market_data.adapters.zerodha_options_chain - INFO - Retrieved last prices for 276 option contracts
2026-01-23 15:24:50 - market_data.adapters.zerodha_options_chain - INFO - Using underlying price 58411.95 for BANKNIFTY
2026-01-23 15:24:55 - market_data.adapters.zerodha_options_chain - INFO - Initializing ZerodhaOptionsChainAdapter for BANKNIFTY26JANFUT
2026-01-23 15:24:55 - market_data.adapters.zerodha_options_chain - INFO - Downloading NFO instruments...
2026-01-23 15:25:03 - market_data.adapters.zerodha_options_chain - INFO - Loaded 47906 NFO instruments
2026-01-23 15:25:03 - market_data.adapters.zerodha_options_chain - INFO - Filtered 0 BANKNIFTY26JANFUT options
2026-01-23 15:25:03 - market_data.adapters.zerodha_options_chain - WARNING - No options data available, initializing...
2026-01-23 15:25:03 - market_data.adapters.zerodha_options_chain - INFO - Initializing ZerodhaOptionsChainAdapter for BANKNIFTY26JANFUT
2026-01-23 15:25:03 - market_data.adapters.zerodha_options_chain - INFO - Downloading NFO instruments...
2026-01-23 15:25:11 - market_data.adapters.zerodha_options_chain - INFO - Loaded 47906 NFO instruments
2026-01-23 15:25:11 - market_data.adapters.zerodha_options_chain - INFO - Filtered 0 BANKNIFTY26JANFUT options
2026-01-23 15:25:12 - market_data.adapters.zerodha_options_chain - INFO - Retrieved last prices for 276 option contracts
2026-01-23 15:25:12 - market_data.adapters.zerodha_options_chain - INFO - Using underlying price 58412.85 for BANKNIFTY
2026-01-23 15:25:52 - market_data.adapters.zerodha_options_chain - INFO - Initializing ZerodhaOptionsChainAdapter for BANKNIFTY26JANFUT
2026-01-23 15:25:52 - market_data.adapters.zerodha_options_chain - INFO - Downloading NFO instruments...
2026-01-23 15:26:08 - market_data.adapters.zerodha_options_chain - INFO - Loaded 47906 NFO instruments
2026-01-23 15:26:08 - market_data.adapters.zerodha_options_chain - INFO - Filtered 0 BANKNIFTY26JANFUT options
2026-01-23 15:26:08 - market_data.adapters.zerodha_options_chain - WARNING - No options data available, initializing...
2026-01-23 15:26:08 - market_data.adapters.zerodha_options_chain - INFO - Initializing ZerodhaOptionsChainAdapter for BANKNIFTY26JANFUT
2026-01-23 15:26:08 - market_data.adapters.zerodha_options_chain - INFO - Downloading NFO instruments...
2026-01-23 15:26:17 - market_data.adapters.zerodha_options_chain - INFO - Loaded 47906 NFO instruments
2026-01-23 15:26:17 - market_data.adapters.zerodha_options_chain - INFO - Filtered 0 BANKNIFTY26JANFUT options
2026-01-23 15:26:18 - market_data.adapters.zerodha_options_chain - INFO - Retrieved last prices for 276 option contracts
2026-01-23 15:26:18 - market_data.adapters.zerodha_options_chain - INFO - Using underlying price 58407.5 for BANKNIFTY
2026-01-23 15:26:23 - market_data.adapters.zerodha_options_chain - INFO - Initializing ZerodhaOptionsChainAdapter for BANKNIFTY26JANFUT
2026-01-23 15:26:23 - market_data.adapters.zerodha_options_chain - INFO - Downloading NFO instruments...
2026-01-23 15:26:27 - market_data.adapters.zerodha_options_chain - INFO - Loaded 47906 NFO instruments
2026-01-23 15:26:27 - market_data.adapters.zerodha_options_chain - INFO - Filtered 0 BANKNIFTY26JANFUT options
2026-01-23 15:26:27 - market_data.adapters.zerodha_options_chain - WARNING - No options data available, initializing...
2026-01-23 15:26:27 - market_data.adapters.zerodha_options_chain - INFO - Initializing ZerodhaOptionsChainAdapter for BANKNIFTY26JANFUT
2026-01-23 15:26:27 - market_data.adapters.zerodha_options_chain - INFO - Downloading NFO instruments...
2026-01-23 15:26:33 - market_data.adapters.zerodha_options_chain - INFO - Loaded 47906 NFO instruments
2026-01-23 15:26:33 - market_data.adapters.zerodha_options_chain - INFO - Filtered 0 BANKNIFTY26JANFUT options
2026-01-23 15:26:33 - market_data.adapters.zerodha_options_chain - INFO - Retrieved last prices for 276 option contracts
2026-01-23 15:26:33 - market_data.adapters.zerodha_options_chain - INFO - Using underlying price 58414.9 for BANKNIFTY
2026-01-23 15:32:27 - market_data.adapters.zerodha_options_chain - INFO - Initializing ZerodhaOptionsChainAdapter for BANKNIFTY26JANFUT
2026-01-23 15:32:27 - market_data.adapters.zerodha_options_chain - INFO - Downloading NFO instruments...
2026-01-23 15:32:36 - market_data.adapters.zerodha_options_chain - INFO - Loaded 47906 NFO instruments
2026-01-23 15:32:36 - market_data.adapters.zerodha_options_chain - INFO - Filtered 0 BANKNIFTY26JANFUT options
2026-01-23 15:32:36 - market_data.adapters.zerodha_options_chain - WARNING - No options data available, initializing...
2026-01-23 15:32:36 - market_data.adapters.zerodha_options_chain - INFO - Initializing ZerodhaOptionsChainAdapter for BANKNIFTY26JANFUT
2026-01-23 15:32:36 - market_data.adapters.zerodha_options_chain - INFO - Downloading NFO instruments...
2026-01-23 15:32:46 - market_data.adapters.zerodha_options_chain - INFO - Loaded 47906 NFO instruments
2026-01-23 15:32:46 - market_data.adapters.zerodha_options_chain - INFO - Filtered 0 BANKNIFTY26JANFUT options
2026-01-23 15:32:47 - market_data.adapters.zerodha_options_chain - INFO - Retrieved last prices for 276 option contracts
2026-01-23 15:32:47 - market_data.adapters.zerodha_options_chain - INFO - Using underlying price 58473.1 for BANKNIFTY
2026-01-23 15:33:02 - market_data.adapters.zerodha_options_chain - INFO - Initializing ZerodhaOptionsChainAdapter for BANKNIFTY26JANFUT
2026-01-23 15:33:02 - market_data.adapters.zerodha_options_chain - INFO - Downloading NFO instruments...
2026-01-23 15:33:09 - market_data.adapters.zerodha_options_chain - INFO - Loaded 47906 NFO instruments
2026-01-23 15:33:09 - market_data.adapters.zerodha_options_chain - INFO - Filtered 0 BANKNIFTY26JANFUT options
2026-01-23 15:33:09 - market_data.adapters.zerodha_options_chain - WARNING - No options data available, initializing...
2026-01-23 15:33:09 - market_data.adapters.zerodha_options_chain - INFO - Initializing ZerodhaOptionsChainAdapter for BANKNIFTY26JANFUT
2026-01-23 15:33:09 - market_data.adapters.zerodha_options_chain - INFO - Downloading NFO instruments...
2026-01-23 15:33:16 - market_data.adapters.zerodha_options_chain - INFO - Loaded 47906 NFO instruments
2026-01-23 15:33:16 - market_data.adapters.zerodha_options_chain - INFO - Filtered 0 BANKNIFTY26JANFUT options
2026-01-23 15:33:17 - market_data.adapters.zerodha_options_chain - INFO - Retrieved last prices for 276 option contracts
2026-01-23 15:33:17 - market_data.adapters.zerodha_options_chain - INFO - Using underlying price 58473.1 for BANKNIFTY
2026-01-23 15:33:29 - market_data.adapters.zerodha_options_chain - INFO - Initializing ZerodhaOptionsChainAdapter for BANKNIFTY26JANFUT
2026-01-23 15:33:29 - market_data.adapters.zerodha_options_chain - INFO - Downloading NFO instruments...
2026-01-23 15:33:34 - market_data.adapters.zerodha_options_chain - INFO - Loaded 47906 NFO instruments
2026-01-23 15:33:34 - market_data.adapters.zerodha_options_chain - INFO - Filtered 0 BANKNIFTY26JANFUT options
2026-01-23 15:33:34 - market_data.adapters.zerodha_options_chain - WARNING - No options data available, initializing...
2026-01-23 15:33:34 - market_data.adapters.zerodha_options_chain - INFO - Initializing ZerodhaOptionsChainAdapter for BANKNIFTY26JANFUT
2026-01-23 15:33:34 - market_data.adapters.zerodha_options_chain - INFO - Downloading NFO instruments...
2026-01-23 15:33:39 - market_data.adapters.zerodha_options_chain - INFO - Loaded 47906 NFO instruments
2026-01-23 15:33:39 - market_data.adapters.zerodha_options_chain - INFO - Filtered 0 BANKNIFTY26JANFUT options
2026-01-23 15:33:40 - market_data.adapters.zerodha_options_chain - INFO - Retrieved last prices for 276 option contracts
2026-01-23 15:33:40 - market_data.adapters.zerodha_options_chain - INFO - Using underlying price 58473.1 for BANKNIFTY
2026-01-23 15:33:45 - market_data.adapters.zerodha_options_chain - INFO - Initializing ZerodhaOptionsChainAdapter for BANKNIFTY26JANFUT
2026-01-23 15:33:45 - market_data.adapters.zerodha_options_chain - INFO - Downloading NFO instruments...
2026-01-23 15:33:50 - market_data.adapters.zerodha_options_chain - INFO - Loaded 47906 NFO instruments
2026-01-23 15:33:50 - market_data.adapters.zerodha_options_chain - INFO - Filtered 0 BANKNIFTY26JANFUT options
2026-01-23 15:33:50 - market_data.adapters.zerodha_options_chain - WARNING - No options data available, initializing...
2026-01-23 15:33:50 - market_data.adapters.zerodha_options_chain - INFO - Initializing ZerodhaOptionsChainAdapter for BANKNIFTY26JANFUT
2026-01-23 15:33:50 - market_data.adapters.zerodha_options_chain - INFO - Downloading NFO instruments...
2026-01-23 15:33:59 - market_data.adapters.zerodha_options_chain - INFO - Loaded 47906 NFO instruments
2026-01-23 15:33:59 - market_data.adapters.zerodha_options_chain - INFO - Filtered 0 BANKNIFTY26JANFUT options
2026-01-23 15:34:00 - market_data.adapters.zerodha_options_chain - INFO - Retrieved last prices for 276 option contracts
2026-01-23 15:34:00 - market_data.adapters.zerodha_options_chain - INFO - Using underlying price 58473.1 for BANKNIFTY
2026-01-23 15:39:27 - market_data.adapters.zerodha_options_chain - INFO - Initializing ZerodhaOptionsChainAdapter for BANKNIFTY26JANFUT
2026-01-23 15:39:27 - market_data.adapters.zerodha_options_chain - INFO - Downloading NFO instruments...
2026-01-23 15:39:42 - market_data.adapters.zerodha_options_chain - INFO - Loaded 47906 NFO instruments
2026-01-23 15:39:42 - market_data.adapters.zerodha_options_chain - INFO - Filtered 0 BANKNIFTY26JANFUT options
2026-01-23 15:39:42 - market_data.adapters.zerodha_options_chain - WARNING - No options data available, initializing...
2026-01-23 15:39:42 - market_data.adapters.zerodha_options_chain - INFO - Initializing ZerodhaOptionsChainAdapter for BANKNIFTY26JANFUT
2026-01-23 15:39:42 - market_data.adapters.zerodha_options_chain - INFO - Downloading NFO instruments...
2026-01-23 15:39:53 - market_data.adapters.zerodha_options_chain - INFO - Loaded 47906 NFO instruments
2026-01-23 15:39:53 - market_data.adapters.zerodha_options_chain - INFO - Filtered 0 BANKNIFTY26JANFUT options
2026-01-23 15:39:53 - market_data.adapters.zerodha_options_chain - INFO - Retrieved last prices for 276 option contracts
2026-01-23 15:39:53 - market_data.adapters.zerodha_options_chain - INFO - Using underlying price 58473.1 for BANKNIFTY
2026-01-23 15:40:42 - market_data.adapters.zerodha_options_chain - INFO - Initializing ZerodhaOptionsChainAdapter for BANKNIFTY26JANFUT
2026-01-23 15:40:42 - market_data.adapters.zerodha_options_chain - INFO - Downloading NFO instruments...
2026-01-23 15:40:58 - market_data.adapters.zerodha_options_chain - INFO - Loaded 47906 NFO instruments
2026-01-23 15:40:59 - market_data.adapters.zerodha_options_chain - INFO - Filtered 0 BANKNIFTY26JANFUT options
2026-01-23 15:40:59 - market_data.adapters.zerodha_options_chain - WARNING - No options data available, initializing...
2026-01-23 15:40:59 - market_data.adapters.zerodha_options_chain - INFO - Initializing ZerodhaOptionsChainAdapter for BANKNIFTY26JANFUT
2026-01-23 15:40:59 - market_data.adapters.zerodha_options_chain - INFO - Downloading NFO instruments...
2026-01-23 15:41:09 - market_data.adapters.zerodha_options_chain - INFO - Loaded 47906 NFO instruments
2026-01-23 15:41:09 - market_data.adapters.zerodha_options_chain - INFO - Filtered 0 BANKNIFTY26JANFUT options
2026-01-23 15:41:10 - market_data.adapters.zerodha_options_chain - INFO - Retrieved last prices for 276 option contracts
2026-01-23 15:41:10 - market_data.adapters.zerodha_options_chain - INFO - Using underlying price 58473.1 for BANKNIFTY
2026-01-23 15:41:51 - market_data.adapters.zerodha_options_chain - INFO - Initializing ZerodhaOptionsChainAdapter for BANKNIFTY26JANFUT
2026-01-23 15:41:51 - market_data.adapters.zerodha_options_chain - INFO - Downloading NFO instruments...
2026-01-23 15:42:07 - market_data.adapters.zerodha_options_chain - INFO - Loaded 47906 NFO instruments
2026-01-23 15:42:07 - market_data.adapters.zerodha_options_chain - INFO - Filtered 0 BANKNIFTY26JANFUT options
2026-01-23 15:42:07 - market_data.adapters.zerodha_options_chain - WARNING - No options data available, initializing...
2026-01-23 15:42:07 - market_data.adapters.zerodha_options_chain - INFO - Initializing ZerodhaOptionsChainAdapter for BANKNIFTY26JANFUT
2026-01-23 15:42:07 - market_data.adapters.zerodha_options_chain - INFO - Downloading NFO instruments...
2026-01-23 15:42:20 - market_data.adapters.zerodha_options_chain - INFO - Loaded 47906 NFO instruments
2026-01-23 15:42:20 - market_data.adapters.zerodha_options_chain - INFO - Filtered 0 BANKNIFTY26JANFUT options
2026-01-23 15:42:21 - market_data.adapters.zerodha_options_chain - INFO - Retrieved last prices for 276 option contracts
2026-01-23 15:42:21 - market_data.adapters.zerodha_options_chain - INFO - Using underlying price 58473.1 for BANKNIFTY
2026-01-23 15:42:27 - market_data.adapters.zerodha_options_chain - INFO - Initializing ZerodhaOptionsChainAdapter for BANKNIFTY26JANFUT
2026-01-23 15:42:27 - market_data.adapters.zerodha_options_chain - INFO - Downloading NFO instruments...
2026-01-23 15:42:40 - market_data.adapters.zerodha_options_chain - INFO - Loaded 47906 NFO instruments
2026-01-23 15:42:40 - market_data.adapters.zerodha_options_chain - INFO - Filtered 0 BANKNIFTY26JANFUT options
2026-01-23 15:42:40 - market_data.adapters.zerodha_options_chain - WARNING - No options data available, initializing...
2026-01-23 15:42:40 - market_data.adapters.zerodha_options_chain - INFO - Initializing ZerodhaOptionsChainAdapter for BANKNIFTY26JANFUT
2026-01-23 15:42:40 - market_data.adapters.zerodha_options_chain - INFO - Downloading NFO instruments...
2026-01-23 15:42:49 - market_data.adapters.zerodha_options_chain - INFO - Loaded 47906 NFO instruments
2026-01-23 15:42:49 - market_data.adapters.zerodha_options_chain - INFO - Filtered 0 BANKNIFTY26JANFUT options
2026-01-23 15:42:50 - market_data.adapters.zerodha_options_chain - INFO - Retrieved last prices for 276 option contracts
2026-01-23 15:42:50 - market_data.adapters.zerodha_options_chain - INFO - Using underlying price 58473.1 for BANKNIFTY
2026-01-23 15:43:33 - market_data.adapters.zerodha_options_chain - INFO - Initializing ZerodhaOptionsChainAdapter for BANKNIFTY26JANFUT
2026-01-23 15:43:33 - market_data.adapters.zerodha_options_chain - INFO - Downloading NFO instruments...
2026-01-23 15:43:44 - market_data.adapters.zerodha_options_chain - INFO - Loaded 47906 NFO instruments
2026-01-23 15:43:44 - market_data.adapters.zerodha_options_chain - INFO - Filtered 0 BANKNIFTY26JANFUT options
2026-01-23 15:43:44 - market_data.adapters.zerodha_options_chain - WARNING - No options data available, initializing...
2026-01-23 15:43:44 - market_data.adapters.zerodha_options_chain - INFO - Initializing ZerodhaOptionsChainAdapter for BANKNIFTY26JANFUT
2026-01-23 15:43:44 - market_data.adapters.zerodha_options_chain - INFO - Downloading NFO instruments...
2026-01-23 15:44:05 - market_data.adapters.zerodha_options_chain - INFO - Loaded 47906 NFO instruments
2026-01-23 15:44:05 - market_data.adapters.zerodha_options_chain - INFO - Filtered 0 BANKNIFTY26JANFUT options
2026-01-23 15:44:06 - market_data.adapters.zerodha_options_chain - INFO - Retrieved last prices for 276 option contracts
2026-01-23 15:44:06 - market_data.adapters.zerodha_options_chain - INFO - Using underlying price 58473.1 for BANKNIFTY
2026-01-23 15:44:13 - market_data.adapters.zerodha_options_chain - INFO - Initializing ZerodhaOptionsChainAdapter for BANKNIFTY26JANFUT
2026-01-23 15:44:13 - market_data.adapters.zerodha_options_chain - INFO - Downloading NFO instruments...
2026-01-23 15:44:27 - market_data.adapters.zerodha_options_chain - INFO - Loaded 47906 NFO instruments
2026-01-23 15:44:27 - market_data.adapters.zerodha_options_chain - INFO - Filtered 0 BANKNIFTY26JANFUT options
2026-01-23 15:44:27 - market_data.adapters.zerodha_options_chain - WARNING - No options data available, initializing...
2026-01-23 15:44:27 - market_data.adapters.zerodha_options_chain - INFO - Initializing ZerodhaOptionsChainAdapter for BANKNIFTY26JANFUT
2026-01-23 15:44:27 - market_data.adapters.zerodha_options_chain - INFO - Downloading NFO instruments...
2026-01-23 15:44:51 - market_data.adapters.zerodha_options_chain - INFO - Loaded 47906 NFO instruments
2026-01-23 15:44:51 - market_data.adapters.zerodha_options_chain - INFO - Filtered 0 BANKNIFTY26JANFUT options
2026-01-23 15:44:51 - market_data.adapters.zerodha_options_chain - INFO - Retrieved last prices for 276 option contracts
2026-01-23 15:44:52 - market_data.adapters.zerodha_options_chain - INFO - Using underlying price 58473.1 for BANKNIFTY
2026-01-23 15:45:00 - market_data.adapters.zerodha_options_chain - INFO - Initializing ZerodhaOptionsChainAdapter for BANKNIFTY26JANFUT
2026-01-23 15:45:00 - market_data.adapters.zerodha_options_chain - INFO - Downloading NFO instruments...
2026-01-23 15:45:42 - market_data.adapters.zerodha_options_chain - INFO - Loaded 47906 NFO instruments
2026-01-23 15:45:42 - market_data.adapters.zerodha_options_chain - INFO - Filtered 0 BANKNIFTY26JANFUT options
2026-01-23 15:45:42 - market_data.adapters.zerodha_options_chain - WARNING - No options data available, initializing...
2026-01-23 15:45:42 - market_data.adapters.zerodha_options_chain - INFO - Initializing ZerodhaOptionsChainAdapter for BANKNIFTY26JANFUT
2026-01-23 15:45:42 - market_data.adapters.zerodha_options_chain - INFO - Downloading NFO instruments...
2026-01-23 15:46:27 - market_data.adapters.zerodha_options_chain - INFO - Loaded 47906 NFO instruments
2026-01-23 15:46:27 - market_data.adapters.zerodha_options_chain - INFO - Filtered 0 BANKNIFTY26JANFUT options
2026-01-23 15:46:28 - market_data.adapters.zerodha_options_chain - INFO - Retrieved last prices for 276 option contracts
2026-01-23 15:46:28 - market_data.adapters.zerodha_options_chain - INFO - Using underlying price 58473.1 for BANKNIFTY
2026-01-23 15:46:55 - market_data.adapters.zerodha_options_chain - INFO - Initializing ZerodhaOptionsChainAdapter for BANKNIFTY26JANFUT
2026-01-23 15:46:55 - market_data.adapters.zerodha_options_chain - INFO - Downloading NFO instruments...
2026-01-23 15:47:11 - market_data.adapters.zerodha_options_chain - INFO - Loaded 47906 NFO instruments
2026-01-23 15:47:12 - market_data.adapters.zerodha_options_chain - INFO - Filtered 0 BANKNIFTY26JANFUT options
2026-01-23 15:47:12 - market_data.adapters.zerodha_options_chain - WARNING - No options data available, initializing...
2026-01-23 15:47:12 - market_data.adapters.zerodha_options_chain - INFO - Initializing ZerodhaOptionsChainAdapter for BANKNIFTY26JANFUT
2026-01-23 15:47:12 - market_data.adapters.zerodha_options_chain - INFO - Downloading NFO instruments...
2026-01-23 15:47:30 - market_data.adapters.zerodha_options_chain - INFO - Loaded 47906 NFO instruments
2026-01-23 15:47:30 - market_data.adapters.zerodha_options_chain - INFO - Filtered 0 BANKNIFTY26JANFUT options
2026-01-23 15:47:31 - market_data.adapters.zerodha_options_chain - INFO - Retrieved last prices for 276 option contracts
2026-01-23 15:47:31 - market_data.adapters.zerodha_options_chain - INFO - Using underlying price 58473.1 for BANKNIFTY
2026-01-23 15:47:37 - market_data.adapters.zerodha_options_chain - INFO - Initializing ZerodhaOptionsChainAdapter for BANKNIFTY26JANFUT
2026-01-23 15:47:37 - market_data.adapters.zerodha_options_chain - INFO - Downloading NFO instruments...
2026-01-23 15:47:46 - market_data.adapters.zerodha_options_chain - INFO - Loaded 47906 NFO instruments
2026-01-23 15:47:46 - market_data.adapters.zerodha_options_chain - INFO - Filtered 0 BANKNIFTY26JANFUT options
2026-01-23 15:47:46 - market_data.adapters.zerodha_options_chain - WARNING - No options data available, initializing...
2026-01-23 15:47:46 - market_data.adapters.zerodha_options_chain - INFO - Initializing ZerodhaOptionsChainAdapter for BANKNIFTY26JANFUT
2026-01-23 15:47:46 - market_data.adapters.zerodha_options_chain - INFO - Downloading NFO instruments...
2026-01-23 15:48:24 - market_data.adapters.zerodha_options_chain - INFO - Loaded 47906 NFO instruments
2026-01-23 15:48:24 - market_data.adapters.zerodha_options_chain - INFO - Filtered 0 BANKNIFTY26JANFUT options
2026-01-23 15:48:31 - market_data.adapters.zerodha_options_chain - INFO - Retrieved last prices for 276 option contracts
2026-01-23 15:48:32 - market_data.adapters.zerodha_options_chain - INFO - Using underlying price 58473.1 for BANKNIFTY
2026-01-23 15:48:56 - market_data.adapters.zerodha_options_chain - INFO - Initializing ZerodhaOptionsChainAdapter for BANKNIFTY26JANFUT
2026-01-23 15:48:56 - market_data.adapters.zerodha_options_chain - INFO - Downloading NFO instruments...
2026-01-23 15:49:38 - market_data.adapters.zerodha_options_chain - INFO - Loaded 47906 NFO instruments
2026-01-23 15:49:38 - market_data.adapters.zerodha_options_chain - INFO - Filtered 0 BANKNIFTY26JANFUT options
2026-01-23 15:49:39 - market_data.adapters.zerodha_options_chain - WARNING - No options data available, initializing...
2026-01-23 15:49:39 - market_data.adapters.zerodha_options_chain - INFO - Initializing ZerodhaOptionsChainAdapter for BANKNIFTY26JANFUT
2026-01-23 15:49:39 - market_data.adapters.zerodha_options_chain - INFO - Downloading NFO instruments...
2026-01-23 15:50:25 - market_data.adapters.zerodha_options_chain - INFO - Loaded 47906 NFO instruments
2026-01-23 15:50:26 - market_data.adapters.zerodha_options_chain - INFO - Filtered 0 BANKNIFTY26JANFUT options
2026-01-23 15:50:30 - market_data.adapters.zerodha_options_chain - INFO - Retrieved last prices for 276 option contracts
2026-01-23 15:50:30 - market_data.adapters.zerodha_options_chain - INFO - Using underlying price 58473.1 for BANKNIFTY
2026-01-23 15:50:55 - market_data.adapters.zerodha_options_chain - INFO - Initializing ZerodhaOptionsChainAdapter for BANKNIFTY26JANFUT
2026-01-23 15:50:55 - market_data.adapters.zerodha_options_chain - INFO - Downloading NFO instruments...
2026-01-23 15:51:13 - market_data.adapters.zerodha_options_chain - INFO - Loaded 47906 NFO instruments
2026-01-23 15:51:13 - market_data.adapters.zerodha_options_chain - INFO - Filtered 0 BANKNIFTY26JANFUT options
2026-01-23 15:51:13 - market_data.adapters.zerodha_options_chain - WARNING - No options data available, initializing...
2026-01-23 15:51:13 - market_data.adapters.zerodha_options_chain - INFO - Initializing ZerodhaOptionsChainAdapter for BANKNIFTY26JANFUT
2026-01-23 15:51:13 - market_data.adapters.zerodha_options_chain - INFO - Downloading NFO instruments...
2026-01-23 15:51:28 - market_data.adapters.zerodha_options_chain - INFO - Loaded 47906 NFO instruments
2026-01-23 15:51:28 - market_data.adapters.zerodha_options_chain - INFO - Filtered 0 BANKNIFTY26JANFUT options
2026-01-23 15:51:29 - market_data.adapters.zerodha_options_chain - INFO - Retrieved last prices for 276 option contracts
2026-01-23 15:51:29 - market_data.adapters.zerodha_options_chain - INFO - Using underlying price 58473.1 for BANKNIFTY
2026-01-23 15:55:41 - market_data.adapters.zerodha_options_chain - INFO - Initializing ZerodhaOptionsChainAdapter for BANKNIFTY26JANFUT
2026-01-23 15:55:41 - market_data.adapters.zerodha_options_chain - INFO - Downloading NFO instruments...
2026-01-23 15:56:03 - market_data.adapters.zerodha_options_chain - INFO - Loaded 47906 NFO instruments
2026-01-23 15:56:03 - market_data.adapters.zerodha_options_chain - INFO - Filtered 0 BANKNIFTY26JANFUT options
2026-01-23 15:56:03 - market_data.adapters.zerodha_options_chain - WARNING - No options data available, initializing...
2026-01-23 15:56:03 - market_data.adapters.zerodha_options_chain - INFO - Initializing ZerodhaOptionsChainAdapter for BANKNIFTY26JANFUT
2026-01-23 15:56:03 - market_data.adapters.zerodha_options_chain - INFO - Downloading NFO instruments...
2026-01-23 15:56:12 - market_data.adapters.zerodha_options_chain - INFO - Loaded 47906 NFO instruments
2026-01-23 15:56:12 - market_data.adapters.zerodha_options_chain - INFO - Filtered 0 BANKNIFTY26JANFUT options
2026-01-23 15:56:13 - market_data.adapters.zerodha_options_chain - INFO - Retrieved last prices for 276 option contracts
2026-01-23 15:56:13 - market_data.adapters.zerodha_options_chain - INFO - Using underlying price 58473.1 for BANKNIFTY
2026-01-23 15:56:20 - market_data.adapters.zerodha_options_chain - INFO - Initializing ZerodhaOptionsChainAdapter for BANKNIFTY26JANFUT
2026-01-23 15:56:20 - market_data.adapters.zerodha_options_chain - INFO - Downloading NFO instruments...
2026-01-23 15:56:32 - market_data.adapters.zerodha_options_chain - INFO - Loaded 47906 NFO instruments
2026-01-23 15:56:32 - market_data.adapters.zerodha_options_chain - INFO - Filtered 0 BANKNIFTY26JANFUT options
2026-01-23 15:56:32 - market_data.adapters.zerodha_options_chain - WARNING - No options data available, initializing...
2026-01-23 15:56:32 - market_data.adapters.zerodha_options_chain - INFO - Initializing ZerodhaOptionsChainAdapter for BANKNIFTY26JANFUT
2026-01-23 15:56:32 - market_data.adapters.zerodha_options_chain - INFO - Downloading NFO instruments...
2026-01-23 15:56:41 - market_data.adapters.zerodha_options_chain - INFO - Loaded 47906 NFO instruments
2026-01-23 15:56:41 - market_data.adapters.zerodha_options_chain - INFO - Filtered 0 BANKNIFTY26JANFUT options
2026-01-23 15:56:41 - market_data.adapters.zerodha_options_chain - INFO - Retrieved last prices for 276 option contracts
2026-01-23 15:56:41 - market_data.adapters.zerodha_options_chain - INFO - Using underlying price 58473.1 for BANKNIFTY
2026-01-23 15:56:47 - market_data.adapters.zerodha_options_chain - INFO - Initializing ZerodhaOptionsChainAdapter for BANKNIFTY26JANFUT
2026-01-23 15:56:47 - market_data.adapters.zerodha_options_chain - INFO - Downloading NFO instruments...
2026-01-23 15:56:56 - market_data.adapters.zerodha_options_chain - INFO - Loaded 47906 NFO instruments
2026-01-23 15:56:56 - market_data.adapters.zerodha_options_chain - INFO - Filtered 0 BANKNIFTY26JANFUT options
2026-01-23 15:56:56 - market_data.adapters.zerodha_options_chain - WARNING - No options data available, initializing...
2026-01-23 15:56:56 - market_data.adapters.zerodha_options_chain - INFO - Initializing ZerodhaOptionsChainAdapter for BANKNIFTY26JANFUT
2026-01-23 15:56:56 - market_data.adapters.zerodha_options_chain - INFO - Downloading NFO instruments...
2026-01-23 15:57:05 - market_data.adapters.zerodha_options_chain - INFO - Loaded 47906 NFO instruments
2026-01-23 15:57:05 - market_data.adapters.zerodha_options_chain - INFO - Filtered 0 BANKNIFTY26JANFUT options
2026-01-23 15:57:05 - market_data.adapters.zerodha_options_chain - INFO - Retrieved last prices for 276 option contracts
2026-01-23 15:57:05 - market_data.adapters.zerodha_options_chain - INFO - Using underlying price 58473.1 for BANKNIFTY
2026-01-23 16:02:59 - market_data.adapters.zerodha_options_chain - INFO - Initializing ZerodhaOptionsChainAdapter for BANKNIFTY26JANFUT
2026-01-23 16:02:59 - market_data.adapters.zerodha_options_chain - INFO - Downloading NFO instruments...
2026-01-23 16:03:59 - market_data.adapters.zerodha_options_chain - INFO - Loaded 47906 NFO instruments
2026-01-23 16:03:59 - market_data.adapters.zerodha_options_chain - INFO - Filtered 0 BANKNIFTY26JANFUT options
2026-01-23 16:03:59 - market_data.adapters.zerodha_options_chain - WARNING - No options data available, initializing...
2026-01-23 16:03:59 - market_data.adapters.zerodha_options_chain - INFO - Initializing ZerodhaOptionsChainAdapter for BANKNIFTY26JANFUT
2026-01-23 16:03:59 - market_data.adapters.zerodha_options_chain - INFO - Downloading NFO instruments...
2026-01-23 16:04:31 - market_data.adapters.zerodha_options_chain - INFO - Loaded 47906 NFO instruments
2026-01-23 16:04:31 - market_data.adapters.zerodha_options_chain - INFO - Filtered 0 BANKNIFTY26JANFUT options
2026-01-23 16:04:32 - market_data.adapters.zerodha_options_chain - INFO - Retrieved last prices for 276 option contracts
2026-01-23 16:04:32 - market_data.adapters.zerodha_options_chain - INFO - Using underlying price 58473.1 for BANKNIFTY
2026-01-23 16:04:43 - market_data.adapters.zerodha_options_chain - INFO - Initializing ZerodhaOptionsChainAdapter for BANKNIFTY26JANFUT
2026-01-23 16:04:43 - market_data.adapters.zerodha_options_chain - INFO - Downloading NFO instruments...
2026-01-23 16:05:03 - market_data.adapters.zerodha_options_chain - INFO - Loaded 47906 NFO instruments
2026-01-23 16:05:03 - market_data.adapters.zerodha_options_chain - INFO - Filtered 0 BANKNIFTY26JANFUT options
2026-01-23 16:05:03 - market_data.adapters.zerodha_options_chain - WARNING - No options data available, initializing...
2026-01-23 16:05:03 - market_data.adapters.zerodha_options_chain - INFO - Initializing ZerodhaOptionsChainAdapter for BANKNIFTY26JANFUT
2026-01-23 16:05:03 - market_data.adapters.zerodha_options_chain - INFO - Downloading NFO instruments...
2026-01-23 16:05:33 - market_data.tools.kite_auth_service - INFO - Token validated successfully for user: BV2032
2026-01-23 16:05:36 - market_data.adapters.redis_store - INFO - MarketStore: Detected BACKTEST mode (run_id: bt_2026-01-07_zerodha)
2026-01-23 16:05:40 - market_data.adapters.redis_store - INFO - Initialized technical indicators for BANKNIFTY26JANFUT with 100 OHLC bars
2026-01-23 16:05:42 - market_data.adapters.redis_store - INFO - Initialized technical indicators for BANKNIFTY with 100 OHLC bars
2026-01-23 16:05:42 - market_data.adapters.redis_store - INFO - Technical indicators service initialized in MarketStore (BACKTEST mode)
2026-01-23 16:05:42 - market_data.adapters.redis_store - INFO - MarketStore: Detected BACKTEST mode (run_id: bt_2026-01-07_zerodha)
2026-01-23 16:05:43 - market_data.adapters.redis_store - INFO - Initialized technical indicators for BANKNIFTY26JANFUT with 100 OHLC bars
2026-01-23 16:05:45 - market_data.adapters.redis_store - INFO - Initialized technical indicators for BANKNIFTY with 100 OHLC bars
2026-01-23 16:05:45 - market_data.adapters.redis_store - INFO - Technical indicators service initialized in MarketStore (BACKTEST mode)
2026-01-23 16:06:15 - market_data.tools.kite_auth_service - INFO - Token validated successfully for user: BV2032
2026-01-23 16:06:18 - market_data.adapters.redis_store - INFO - MarketStore: Detected BACKTEST mode (run_id: bt_2026-01-07_zerodha)
2026-01-23 16:06:22 - market_data.adapters.redis_store - INFO - Initialized technical indicators for BANKNIFTY with 100 OHLC bars
2026-01-23 16:06:23 - market_data.adapters.redis_store - INFO - Initialized technical indicators for BANKNIFTY26JANFUT with 100 OHLC bars
2026-01-23 16:06:23 - market_data.adapters.redis_store - INFO - Technical indicators service initialized in MarketStore (BACKTEST mode)
2026-01-23 16:06:23 - market_data.adapters.redis_store - INFO - MarketStore: Detected BACKTEST mode (run_id: bt_2026-01-07_zerodha)
2026-01-23 16:06:24 - market_data.adapters.redis_store - INFO - Initialized technical indicators for BANKNIFTY with 100 OHLC bars
2026-01-23 16:06:25 - market_data.adapters.redis_store - INFO - Initialized technical indicators for BANKNIFTY26JANFUT with 100 OHLC bars
2026-01-23 16:06:25 - market_data.adapters.redis_store - INFO - Technical indicators service initialized in MarketStore (BACKTEST mode)
2026-01-23 16:09:37 - market_data.circuit_breaker - INFO - Registered fallback for service: redis_get
2026-01-23 16:09:37 - market_data.circuit_breaker - INFO - Registered fallback for service: redis_set
2026-01-23 16:09:37 - market_data.circuit_breaker - INFO - Registered fallback for service: market_data_api
2026-01-23 16:09:37 - market_data.adapters.redis_store - INFO - MarketStore: Detected BACKTEST mode (run_id: bt_2026-01-07_zerodha)
2026-01-23 16:09:39 - market_data.adapters.redis_store - INFO - Initialized technical indicators for BANKNIFTY26JANFUT with 100 OHLC bars
2026-01-23 16:09:40 - market_data.adapters.redis_store - INFO - Initialized technical indicators for BANKNIFTY with 100 OHLC bars
2026-01-23 16:09:40 - market_data.adapters.redis_store - INFO - Technical indicators service initialized in MarketStore (BACKTEST mode)
2026-01-23 16:09:41 - market_data.adapters.zerodha_options_chain - INFO - Initializing ZerodhaOptionsChainAdapter for BANKNIFTY26JANFUT
2026-01-23 16:09:41 - market_data.adapters.zerodha_options_chain - INFO - Downloading NFO instruments...
2026-01-23 16:09:48 - market_data.adapters.zerodha_options_chain - INFO - Loaded 47906 NFO instruments
2026-01-23 16:09:48 - market_data.adapters.zerodha_options_chain - INFO - Filtered 0 BANKNIFTY26JANFUT options
2026-01-23 16:09:48 - market_data.adapters.zerodha_options_chain - WARNING - No options data available, initializing...
2026-01-23 16:09:48 - market_data.adapters.zerodha_options_chain - INFO - Initializing ZerodhaOptionsChainAdapter for BANKNIFTY26JANFUT
2026-01-23 16:09:48 - market_data.adapters.zerodha_options_chain - INFO - Downloading NFO instruments...
2026-01-23 16:09:52 - market_data.adapters.zerodha_options_chain - INFO - Loaded 47906 NFO instruments
2026-01-23 16:09:52 - market_data.adapters.zerodha_options_chain - INFO - Filtered 0 BANKNIFTY26JANFUT options
2026-01-23 16:09:59 - market_data.adapters.zerodha_options_chain - INFO - Initializing ZerodhaOptionsChainAdapter for BANKNIFTY26JANFUT
2026-01-23 16:09:59 - market_data.adapters.zerodha_options_chain - INFO - Downloading NFO instruments...
2026-01-23 16:10:03 - market_data.adapters.zerodha_options_chain - INFO - Loaded 47906 NFO instruments
2026-01-23 16:10:03 - market_data.adapters.zerodha_options_chain - INFO - Filtered 0 BANKNIFTY26JANFUT options
2026-01-23 16:10:03 - market_data.adapters.zerodha_options_chain - WARNING - No options data available, initializing...
2026-01-23 16:10:03 - market_data.adapters.zerodha_options_chain - INFO - Initializing ZerodhaOptionsChainAdapter for BANKNIFTY26JANFUT
2026-01-23 16:10:03 - market_data.adapters.zerodha_options_chain - INFO - Downloading NFO instruments...
2026-01-23 16:10:07 - market_data.adapters.zerodha_options_chain - INFO - Loaded 47906 NFO instruments
2026-01-23 16:10:07 - market_data.adapters.zerodha_options_chain - INFO - Filtered 0 BANKNIFTY26JANFUT options
2026-01-23 16:10:07 - market_data.adapters.zerodha_options_chain - INFO - Initializing ZerodhaOptionsChainAdapter for BANKNIFTY26JANFUT
2026-01-23 16:10:07 - market_data.adapters.zerodha_options_chain - INFO - Downloading NFO instruments...
2026-01-23 16:10:11 - market_data.adapters.zerodha_options_chain - INFO - Loaded 47906 NFO instruments
2026-01-23 16:10:11 - market_data.adapters.zerodha_options_chain - INFO - Filtered 0 BANKNIFTY26JANFUT options
2026-01-23 16:10:11 - market_data.adapters.zerodha_options_chain - WARNING - No options data available, initializing...
2026-01-23 16:10:11 - market_data.adapters.zerodha_options_chain - INFO - Initializing ZerodhaOptionsChainAdapter for BANKNIFTY26JANFUT
2026-01-23 16:10:11 - market_data.adapters.zerodha_options_chain - INFO - Downloading NFO instruments...
2026-01-23 16:10:15 - market_data.adapters.zerodha_options_chain - INFO - Loaded 47906 NFO instruments
2026-01-23 16:10:15 - market_data.adapters.zerodha_options_chain - INFO - Filtered 0 BANKNIFTY26JANFUT options
2026-01-23 16:10:24 - market_data.adapters.zerodha_options_chain - INFO - Initializing ZerodhaOptionsChainAdapter for BANKNIFTY26JANFUT
2026-01-23 16:10:24 - market_data.adapters.zerodha_options_chain - INFO - Downloading NFO instruments...
2026-01-23 16:10:28 - market_data.adapters.zerodha_options_chain - INFO - Loaded 47906 NFO instruments
2026-01-23 16:10:28 - market_data.adapters.zerodha_options_chain - INFO - Filtered 0 BANKNIFTY26JANFUT options
2026-01-23 16:10:28 - market_data.adapters.zerodha_options_chain - WARNING - No options data available, initializing...
2026-01-23 16:10:28 - market_data.adapters.zerodha_options_chain - INFO - Initializing ZerodhaOptionsChainAdapter for BANKNIFTY26JANFUT
2026-01-23 16:10:28 - market_data.adapters.zerodha_options_chain - INFO - Downloading NFO instruments...
2026-01-23 16:10:32 - market_data.adapters.zerodha_options_chain - INFO - Loaded 47906 NFO instruments
2026-01-23 16:10:32 - market_data.adapters.zerodha_options_chain - INFO - Filtered 0 BANKNIFTY26JANFUT options
2026-01-23 16:10:43 - market_data.adapters.zerodha_options_chain - INFO - Initializing ZerodhaOptionsChainAdapter for BANKNIFTY26JANFUT
2026-01-23 16:10:43 - market_data.adapters.zerodha_options_chain - INFO - Downloading NFO instruments...
2026-01-23 16:10:47 - market_data.adapters.zerodha_options_chain - INFO - Loaded 47906 NFO instruments
2026-01-23 16:10:47 - market_data.adapters.zerodha_options_chain - INFO - Filtered 0 BANKNIFTY26JANFUT options
2026-01-23 16:10:47 - market_data.adapters.zerodha_options_chain - WARNING - No options data available, initializing...
2026-01-23 16:10:47 - market_data.adapters.zerodha_options_chain - INFO - Initializing ZerodhaOptionsChainAdapter for BANKNIFTY26JANFUT
2026-01-23 16:10:47 - market_data.adapters.zerodha_options_chain - INFO - Downloading NFO instruments...
2026-01-23 16:10:52 - market_data.adapters.zerodha_options_chain - INFO - Loaded 47906 NFO instruments
2026-01-23 16:10:52 - market_data.adapters.zerodha_options_chain - INFO - Filtered 0 BANKNIFTY26JANFUT options
2026-01-23 16:10:52 - market_data.adapters.zerodha_options_chain - INFO - Initializing ZerodhaOptionsChainAdapter for BANKNIFTY26JANFUT
2026-01-23 16:10:52 - market_data.adapters.zerodha_options_chain - INFO - Downloading NFO instruments...
2026-01-23 16:10:58 - market_data.adapters.zerodha_options_chain - INFO - Loaded 47906 NFO instruments
2026-01-23 16:10:58 - market_data.adapters.zerodha_options_chain - INFO - Filtered 0 BANKNIFTY26JANFUT options
2026-01-23 16:10:58 - market_data.adapters.zerodha_options_chain - WARNING - No options data available, initializing...
2026-01-23 16:10:58 - market_data.adapters.zerodha_options_chain - INFO - Initializing ZerodhaOptionsChainAdapter for BANKNIFTY26JANFUT
2026-01-23 16:10:58 - market_data.adapters.zerodha_options_chain - INFO - Downloading NFO instruments...
2026-01-23 16:11:04 - market_data.adapters.zerodha_options_chain - INFO - Loaded 47906 NFO instruments
2026-01-23 16:11:04 - market_data.adapters.zerodha_options_chain - INFO - Filtered 0 BANKNIFTY26JANFUT options
2026-01-23 16:11:15 - market_data.adapters.zerodha_options_chain - INFO - Initializing ZerodhaOptionsChainAdapter for BANKNIFTY26JANFUT
2026-01-23 16:11:15 - market_data.adapters.zerodha_options_chain - INFO - Downloading NFO instruments...
2026-01-23 16:11:19 - market_data.adapters.zerodha_options_chain - INFO - Loaded 47906 NFO instruments
2026-01-23 16:11:19 - market_data.adapters.zerodha_options_chain - INFO - Filtered 0 BANKNIFTY26JANFUT options
2026-01-23 16:11:19 - market_data.adapters.zerodha_options_chain - WARNING - No options data available, initializing...
2026-01-23 16:11:19 - market_data.adapters.zerodha_options_chain - INFO - Initializing ZerodhaOptionsChainAdapter for BANKNIFTY26JANFUT
2026-01-23 16:11:19 - market_data.adapters.zerodha_options_chain - INFO - Downloading NFO instruments...
2026-01-23 16:11:23 - market_data.adapters.zerodha_options_chain - INFO - Loaded 47906 NFO instruments
2026-01-23 16:11:23 - market_data.adapters.zerodha_options_chain - INFO - Filtered 0 BANKNIFTY26JANFUT options
2026-01-23 16:11:23 - market_data.adapters.zerodha_options_chain - INFO - Initializing ZerodhaOptionsChainAdapter for BANKNIFTY26JANFUT
2026-01-23 16:11:23 - market_data.adapters.zerodha_options_chain - INFO - Downloading NFO instruments...
2026-01-23 16:11:27 - market_data.adapters.zerodha_options_chain - INFO - Loaded 47906 NFO instruments
2026-01-23 16:11:27 - market_data.adapters.zerodha_options_chain - INFO - Filtered 0 BANKNIFTY26JANFUT options
2026-01-23 16:11:27 - market_data.adapters.zerodha_options_chain - WARNING - No options data available, initializing...
2026-01-23 16:11:27 - market_data.adapters.zerodha_options_chain - INFO - Initializing ZerodhaOptionsChainAdapter for BANKNIFTY26JANFUT
2026-01-23 16:11:27 - market_data.adapters.zerodha_options_chain - INFO - Downloading NFO instruments...
2026-01-23 16:11:30 - market_data.adapters.zerodha_options_chain - INFO - Loaded 47906 NFO instruments
2026-01-23 16:11:30 - market_data.adapters.zerodha_options_chain - INFO - Filtered 0 BANKNIFTY26JANFUT options
2026-01-23 16:11:38 - market_data.adapters.zerodha_options_chain - INFO - Initializing ZerodhaOptionsChainAdapter for BANKNIFTY26JANFUT
2026-01-23 16:11:38 - market_data.adapters.zerodha_options_chain - INFO - Downloading NFO instruments...
2026-01-23 16:11:43 - market_data.adapters.zerodha_options_chain - INFO - Loaded 47906 NFO instruments
2026-01-23 16:11:43 - market_data.adapters.zerodha_options_chain - INFO - Filtered 0 BANKNIFTY26JANFUT options
2026-01-23 16:11:43 - market_data.adapters.zerodha_options_chain - WARNING - No options data available, initializing...
2026-01-23 16:11:43 - market_data.adapters.zerodha_options_chain - INFO - Initializing ZerodhaOptionsChainAdapter for BANKNIFTY26JANFUT
2026-01-23 16:11:43 - market_data.adapters.zerodha_options_chain - INFO - Downloading NFO instruments...
2026-01-23 16:11:46 - market_data.adapters.zerodha_options_chain - INFO - Loaded 47906 NFO instruments
2026-01-23 16:11:46 - market_data.adapters.zerodha_options_chain - INFO - Filtered 0 BANKNIFTY26JANFUT options
2026-01-23 16:11:46 - market_data.adapters.zerodha_options_chain - INFO - Initializing ZerodhaOptionsChainAdapter for BANKNIFTY26JANFUT
2026-01-23 16:11:46 - market_data.adapters.zerodha_options_chain - INFO - Downloading NFO instruments...
2026-01-23 16:11:50 - market_data.adapters.zerodha_options_chain - INFO - Loaded 47906 NFO instruments
2026-01-23 16:11:50 - market_data.adapters.zerodha_options_chain - INFO - Filtered 0 BANKNIFTY26JANFUT options
2026-01-23 16:11:50 - market_data.adapters.zerodha_options_chain - WARNING - No options data available, initializing...
2026-01-23 16:11:50 - market_data.adapters.zerodha_options_chain - INFO - Initializing ZerodhaOptionsChainAdapter for BANKNIFTY26JANFUT
2026-01-23 16:11:50 - market_data.adapters.zerodha_options_chain - INFO - Downloading NFO instruments...
2026-01-23 16:11:53 - market_data.adapters.zerodha_options_chain - INFO - Loaded 47906 NFO instruments
2026-01-23 16:11:53 - market_data.adapters.zerodha_options_chain - INFO - Filtered 0 BANKNIFTY26JANFUT options
2026-01-23 16:11:57 - market_data.adapters.zerodha_options_chain - INFO - Initializing ZerodhaOptionsChainAdapter for BANKNIFTY26JANFUT
2026-01-23 16:11:57 - market_data.adapters.zerodha_options_chain - INFO - Downloading NFO instruments...
2026-01-23 16:12:02 - market_data.adapters.zerodha_options_chain - INFO - Loaded 47906 NFO instruments
2026-01-23 16:12:02 - market_data.adapters.zerodha_options_chain - INFO - Filtered 0 BANKNIFTY26JANFUT options
2026-01-23 16:12:02 - market_data.adapters.zerodha_options_chain - WARNING - No options data available, initializing...
2026-01-23 16:12:02 - market_data.adapters.zerodha_options_chain - INFO - Initializing ZerodhaOptionsChainAdapter for BANKNIFTY26JANFUT
2026-01-23 16:12:02 - market_data.adapters.zerodha_options_chain - INFO - Downloading NFO instruments...
2026-01-23 16:12:11 - market_data.adapters.zerodha_options_chain - INFO - Loaded 47906 NFO instruments
2026-01-23 16:12:11 - market_data.adapters.zerodha_options_chain - INFO - Filtered 0 BANKNIFTY26JANFUT options
2026-01-23 16:12:16 - market_data.adapters.zerodha_options_chain - INFO - Initializing ZerodhaOptionsChainAdapter for BANKNIFTY26JANFUT
2026-01-23 16:12:16 - market_data.adapters.zerodha_options_chain - INFO - Downloading NFO instruments...
2026-01-23 16:12:21 - market_data.adapters.zerodha_options_chain - INFO - Loaded 47906 NFO instruments
2026-01-23 16:12:21 - market_data.adapters.zerodha_options_chain - INFO - Filtered 0 BANKNIFTY26JANFUT options
2026-01-23 16:12:21 - market_data.adapters.zerodha_options_chain - WARNING - No options data available, initializing...
2026-01-23 16:12:21 - market_data.adapters.zerodha_options_chain - INFO - Initializing ZerodhaOptionsChainAdapter for BANKNIFTY26JANFUT
2026-01-23 16:12:21 - market_data.adapters.zerodha_options_chain - INFO - Downloading NFO instruments...
2026-01-23 16:12:26 - market_data.adapters.zerodha_options_chain - INFO - Loaded 47906 NFO instruments
2026-01-23 16:12:26 - market_data.adapters.zerodha_options_chain - INFO - Filtered 0 BANKNIFTY26JANFUT options
2026-01-23 16:12:32 - market_data.adapters.zerodha_options_chain - INFO - Initializing ZerodhaOptionsChainAdapter for BANKNIFTY26JANFUT
2026-01-23 16:12:32 - market_data.adapters.zerodha_options_chain - INFO - Downloading NFO instruments...
2026-01-23 16:12:37 - market_data.adapters.zerodha_options_chain - INFO - Loaded 47906 NFO instruments
2026-01-23 16:12:37 - market_data.adapters.zerodha_options_chain - INFO - Filtered 0 BANKNIFTY26JANFUT options
2026-01-23 16:12:37 - market_data.adapters.zerodha_options_chain - WARNING - No options data available, initializing...
2026-01-23 16:12:37 - market_data.adapters.zerodha_options_chain - INFO - Initializing ZerodhaOptionsChainAdapter for BANKNIFTY26JANFUT
2026-01-23 16:12:37 - market_data.adapters.zerodha_options_chain - INFO - Downloading NFO instruments...
2026-01-23 16:12:44 - market_data.adapters.zerodha_options_chain - INFO - Loaded 47906 NFO instruments
2026-01-23 16:12:44 - market_data.adapters.zerodha_options_chain - INFO - Filtered 0 BANKNIFTY26JANFUT options
2026-01-23 16:12:49 - market_data.adapters.zerodha_options_chain - INFO - Initializing ZerodhaOptionsChainAdapter for BANKNIFTY26JANFUT
2026-01-23 16:12:49 - market_data.adapters.zerodha_options_chain - INFO - Downloading NFO instruments...
2026-01-23 16:12:55 - market_data.adapters.zerodha_options_chain - INFO - Loaded 47906 NFO instruments
2026-01-23 16:12:55 - market_data.adapters.zerodha_options_chain - INFO - Filtered 0 BANKNIFTY26JANFUT options
2026-01-23 16:12:55 - market_data.adapters.zerodha_options_chain - WARNING - No options data available, initializing...
2026-01-23 16:12:55 - market_data.adapters.zerodha_options_chain - INFO - Initializing ZerodhaOptionsChainAdapter for BANKNIFTY26JANFUT
2026-01-23 16:12:55 - market_data.adapters.zerodha_options_chain - INFO - Downloading NFO instruments...
2026-01-23 16:13:01 - market_data.adapters.zerodha_options_chain - INFO - Loaded 47906 NFO instruments
2026-01-23 16:13:01 - market_data.adapters.zerodha_options_chain - INFO - Filtered 0 BANKNIFTY26JANFUT options
2026-01-23 16:13:09 - market_data.adapters.zerodha_options_chain - INFO - Initializing ZerodhaOptionsChainAdapter for BANKNIFTY26JANFUT
2026-01-23 16:13:09 - market_data.adapters.zerodha_options_chain - INFO - Downloading NFO instruments...
2026-01-23 16:13:14 - market_data.adapters.zerodha_options_chain - INFO - Loaded 47906 NFO instruments
2026-01-23 16:13:14 - market_data.adapters.zerodha_options_chain - INFO - Filtered 0 BANKNIFTY26JANFUT options
2026-01-23 16:13:14 - market_data.adapters.zerodha_options_chain - WARNING - No options data available, initializing...
2026-01-23 16:13:14 - market_data.adapters.zerodha_options_chain - INFO - Initializing ZerodhaOptionsChainAdapter for BANKNIFTY26JANFUT
2026-01-23 16:13:14 - market_data.adapters.zerodha_options_chain - INFO - Downloading NFO instruments...
2026-01-23 16:13:18 - market_data.adapters.zerodha_options_chain - INFO - Loaded 47906 NFO instruments
2026-01-23 16:13:18 - market_data.adapters.zerodha_options_chain - INFO - Filtered 0 BANKNIFTY26JANFUT options
2026-01-23 16:24:22 - market_data.tools.kite_auth_service - INFO - Token validated successfully for user: BV2032
2026-01-23 16:24:24 - market_data.adapters.redis_store - INFO - MarketStore: Detected BACKTEST mode (run_id: bt_2026-01-07_zerodha)
2026-01-23 16:24:26 - market_data.adapters.redis_store - INFO - Initialized technical indicators for BANKNIFTY26JANFUT with 100 OHLC bars
2026-01-23 16:24:26 - market_data.adapters.redis_store - INFO - Initialized technical indicators for BANKNIFTY with 100 OHLC bars
2026-01-23 16:24:26 - market_data.adapters.redis_store - INFO - Technical indicators service initialized in MarketStore (BACKTEST mode)
2026-01-23 16:24:26 - market_data.adapters.redis_store - INFO - MarketStore: Detected BACKTEST mode (run_id: bt_2026-01-07_zerodha)
2026-01-23 16:24:27 - market_data.adapters.redis_store - INFO - Initialized technical indicators for BANKNIFTY26JANFUT with 100 OHLC bars
2026-01-23 16:24:28 - market_data.adapters.redis_store - INFO - Initialized technical indicators for BANKNIFTY with 100 OHLC bars
2026-01-23 16:24:28 - market_data.adapters.redis_store - INFO - Technical indicators service initialized in MarketStore (BACKTEST mode)
2026-01-23 16:35:26 - market_data.tools.kite_auth_service - INFO - Token validated successfully for user: BV2032
2026-01-23 16:35:28 - market_data.adapters.redis_store - INFO - MarketStore: Detected BACKTEST mode (run_id: bt_2026-01-07_zerodha)
2026-01-23 16:35:30 - market_data.adapters.redis_store - INFO - Initialized technical indicators for BANKNIFTY26JANFUT with 100 OHLC bars
2026-01-23 16:35:30 - market_data.adapters.redis_store - INFO - Initialized technical indicators for BANKNIFTY with 100 OHLC bars
2026-01-23 16:35:30 - market_data.adapters.redis_store - INFO - Technical indicators service initialized in MarketStore (BACKTEST mode)
2026-01-23 16:35:30 - market_data.adapters.redis_store - INFO - MarketStore: Detected BACKTEST mode (run_id: bt_2026-01-07_zerodha)
2026-01-23 16:35:32 - market_data.adapters.redis_store - INFO - Initialized technical indicators for BANKNIFTY26JANFUT with 100 OHLC bars
2026-01-23 16:35:33 - market_data.adapters.redis_store - INFO - Initialized technical indicators for BANKNIFTY with 100 OHLC bars
2026-01-23 16:35:33 - market_data.adapters.redis_store - INFO - Technical indicators service initialized in MarketStore (BACKTEST mode)
2026-01-23 16:40:38 - market_data.circuit_breaker - INFO - Registered fallback for service: redis_get
2026-01-23 16:40:38 - market_data.circuit_breaker - INFO - Registered fallback for service: redis_set
2026-01-23 16:40:38 - market_data.circuit_breaker - INFO - Registered fallback for service: market_data_api
2026-01-23 16:40:38 - market_data.adapters.redis_store - INFO - MarketStore: Detected BACKTEST mode (run_id: bt_2026-01-07_zerodha)
2026-01-23 16:40:39 - market_data.adapters.redis_store - INFO - Initialized technical indicators for BANKNIFTY with 100 OHLC bars
2026-01-23 16:40:40 - market_data.adapters.redis_store - INFO - Initialized technical indicators for BANKNIFTY26JANFUT with 100 OHLC bars
2026-01-23 16:40:40 - market_data.adapters.redis_store - INFO - Technical indicators service initialized in MarketStore (BACKTEST mode)
2026-01-23 16:40:40 - market_data.adapters.zerodha_options_chain - INFO - Initializing ZerodhaOptionsChainAdapter for BANKNIFTY26JANFUT
2026-01-23 16:40:40 - market_data.adapters.zerodha_options_chain - INFO - Downloading NFO instruments...
2026-01-23 16:40:44 - market_data.adapters.zerodha_options_chain - INFO - Loaded 47906 NFO instruments
2026-01-23 16:40:44 - market_data.adapters.zerodha_options_chain - INFO - Filtered 0 BANKNIFTY26JANFUT options
2026-01-23 16:40:44 - market_data.adapters.zerodha_options_chain - WARNING - No options data available, initializing...
2026-01-23 16:40:44 - market_data.adapters.zerodha_options_chain - INFO - Initializing ZerodhaOptionsChainAdapter for BANKNIFTY26JANFUT
2026-01-23 16:40:44 - market_data.adapters.zerodha_options_chain - INFO - Downloading NFO instruments...
2026-01-23 16:40:47 - market_data.adapters.zerodha_options_chain - INFO - Loaded 47906 NFO instruments
2026-01-23 16:40:47 - market_data.adapters.zerodha_options_chain - INFO - Filtered 0 BANKNIFTY26JANFUT options
2026-01-23 16:40:48 - market_data.adapters.zerodha_options_chain - INFO - Retrieved last prices for 276 option contracts
2026-01-23 16:40:48 - market_data.adapters.zerodha_options_chain - INFO - Using underlying price 58473.1 for BANKNIFTY
2026-01-23 16:42:31 - market_data.adapters.zerodha_options_chain - INFO - Initializing ZerodhaOptionsChainAdapter for BANKNIFTY26JANFUT
2026-01-23 16:42:31 - market_data.adapters.zerodha_options_chain - INFO - Downloading NFO instruments...
2026-01-23 16:42:44 - market_data.adapters.zerodha_options_chain - INFO - Loaded 47906 NFO instruments
2026-01-23 16:42:44 - market_data.adapters.zerodha_options_chain - INFO - Filtered 0 BANKNIFTY26JANFUT options
2026-01-23 16:42:44 - market_data.adapters.zerodha_options_chain - WARNING - No options data available, initializing...
2026-01-23 16:42:44 - market_data.adapters.zerodha_options_chain - INFO - Initializing ZerodhaOptionsChainAdapter for BANKNIFTY26JANFUT
2026-01-23 16:42:44 - market_data.adapters.zerodha_options_chain - INFO - Downloading NFO instruments...
2026-01-23 16:42:56 - market_data.adapters.zerodha_options_chain - INFO - Loaded 47906 NFO instruments
2026-01-23 16:42:56 - market_data.adapters.zerodha_options_chain - INFO - Filtered 0 BANKNIFTY26JANFUT options
2026-01-23 16:42:56 - market_data.adapters.zerodha_options_chain - INFO - Retrieved last prices for 276 option contracts
2026-01-23 16:42:56 - market_data.adapters.zerodha_options_chain - INFO - Using underlying price 58473.1 for BANKNIFTY
2026-01-23 17:23:00 - market_data.tools.kite_auth_service - INFO - Token validated successfully for user: BV2032
2026-01-23 17:23:03 - market_data.adapters.redis_store - INFO - MarketStore: Detected BACKTEST mode (run_id: bt_2026-01-07_zerodha)
2026-01-23 17:23:04 - market_data.adapters.redis_store - INFO - Initialized technical indicators for BANKNIFTY with 100 OHLC bars
2026-01-23 17:23:04 - market_data.adapters.redis_store - INFO - Initialized technical indicators for BANKNIFTY26JANFUT with 100 OHLC bars
2026-01-23 17:23:04 - market_data.adapters.redis_store - INFO - Technical indicators service initialized in MarketStore (BACKTEST mode)
2026-01-23 17:23:04 - market_data.adapters.redis_store - INFO - MarketStore: Detected BACKTEST mode (run_id: bt_2026-01-07_zerodha)
2026-01-23 17:23:05 - market_data.adapters.redis_store - INFO - Initialized technical indicators for BANKNIFTY with 100 OHLC bars
2026-01-23 17:23:06 - market_data.adapters.redis_store - INFO - Initialized technical indicators for BANKNIFTY26JANFUT with 100 OHLC bars
2026-01-23 17:23:06 - market_data.adapters.redis_store - INFO - Technical indicators service initialized in MarketStore (BACKTEST mode)
2026-01-23 17:25:39 - market_data.circuit_breaker - INFO - Registered fallback for service: redis_get
2026-01-23 17:25:39 - market_data.circuit_breaker - INFO - Registered fallback for service: redis_set
2026-01-23 17:25:39 - market_data.circuit_breaker - INFO - Registered fallback for service: market_data_api
2026-01-23 17:25:40 - market_data.adapters.redis_store - INFO - MarketStore: Detected BACKTEST mode (run_id: bt_2026-01-07_zerodha)
2026-01-23 17:25:42 - market_data.adapters.redis_store - INFO - Initialized technical indicators for BANKNIFTY with 100 OHLC bars
2026-01-23 17:25:43 - market_data.adapters.redis_store - INFO - Initialized technical indicators for BANKNIFTY26JANFUT with 100 OHLC bars
2026-01-23 17:25:43 - market_data.adapters.redis_store - INFO - Technical indicators service initialized in MarketStore (BACKTEST mode)
2026-01-23 17:25:43 - market_data.adapters.zerodha_options_chain - INFO - Initializing ZerodhaOptionsChainAdapter for BANKNIFTY26JANFUT
2026-01-23 17:25:43 - market_data.adapters.zerodha_options_chain - INFO - Downloading NFO instruments...
2026-01-23 17:25:50 - market_data.adapters.zerodha_options_chain - INFO - Loaded 47906 NFO instruments
2026-01-23 17:25:50 - market_data.adapters.zerodha_options_chain - INFO - Filtered 0 BANKNIFTY26JANFUT options
2026-01-23 17:25:50 - market_data.adapters.zerodha_options_chain - WARNING - No options data available, initializing...
2026-01-23 17:25:50 - market_data.adapters.zerodha_options_chain - INFO - Initializing ZerodhaOptionsChainAdapter for BANKNIFTY26JANFUT
2026-01-23 17:25:50 - market_data.adapters.zerodha_options_chain - INFO - Downloading NFO instruments...
2026-01-23 17:25:53 - market_data.adapters.zerodha_options_chain - INFO - Loaded 47906 NFO instruments
2026-01-23 17:25:53 - market_data.adapters.zerodha_options_chain - INFO - Filtered 0 BANKNIFTY26JANFUT options
2026-01-23 17:25:54 - market_data.adapters.zerodha_options_chain - INFO - Retrieved last prices for 276 option contracts
2026-01-23 17:25:54 - market_data.adapters.zerodha_options_chain - INFO - Using underlying price 58473.1 for BANKNIFTY
2026-01-23 17:26:01 - market_data.adapters.zerodha_options_chain - INFO - Initializing ZerodhaOptionsChainAdapter for BANKNIFTY26JANFUT
2026-01-23 17:26:01 - market_data.adapters.zerodha_options_chain - INFO - Downloading NFO instruments...
2026-01-23 17:26:05 - market_data.adapters.zerodha_options_chain - INFO - Loaded 47906 NFO instruments
2026-01-23 17:26:05 - market_data.adapters.zerodha_options_chain - INFO - Filtered 0 BANKNIFTY26JANFUT options
2026-01-23 17:26:05 - market_data.adapters.zerodha_options_chain - WARNING - No options data available, initializing...
2026-01-23 17:26:05 - market_data.adapters.zerodha_options_chain - INFO - Initializing ZerodhaOptionsChainAdapter for BANKNIFTY26JANFUT
2026-01-23 17:26:05 - market_data.adapters.zerodha_options_chain - INFO - Downloading NFO instruments...
2026-01-23 17:26:08 - market_data.adapters.zerodha_options_chain - INFO - Loaded 47906 NFO instruments
2026-01-23 17:26:08 - market_data.adapters.zerodha_options_chain - INFO - Filtered 0 BANKNIFTY26JANFUT options
2026-01-23 17:26:09 - market_data.adapters.zerodha_options_chain - INFO - Retrieved last prices for 276 option contracts
2026-01-23 17:26:09 - market_data.adapters.zerodha_options_chain - INFO - Using underlying price 58473.1 for BANKNIFTY
2026-01-23 17:26:12 - market_data.adapters.zerodha_options_chain - INFO - Initializing ZerodhaOptionsChainAdapter for BANKNIFTY26JANFUT
2026-01-23 17:26:12 - market_data.adapters.zerodha_options_chain - INFO - Downloading NFO instruments...
2026-01-23 17:26:15 - market_data.adapters.zerodha_options_chain - INFO - Loaded 47906 NFO instruments
2026-01-23 17:26:16 - market_data.adapters.zerodha_options_chain - INFO - Filtered 0 BANKNIFTY26JANFUT options
2026-01-23 17:26:16 - market_data.adapters.zerodha_options_chain - WARNING - No options data available, initializing...
2026-01-23 17:26:16 - market_data.adapters.zerodha_options_chain - INFO - Initializing ZerodhaOptionsChainAdapter for BANKNIFTY26JANFUT
2026-01-23 17:26:16 - market_data.adapters.zerodha_options_chain - INFO - Downloading NFO instruments...
2026-01-23 17:26:19 - market_data.adapters.zerodha_options_chain - INFO - Loaded 47906 NFO instruments
2026-01-23 17:26:19 - market_data.adapters.zerodha_options_chain - INFO - Filtered 0 BANKNIFTY26JANFUT options
2026-01-23 17:26:20 - market_data.adapters.zerodha_options_chain - INFO - Retrieved last prices for 276 option contracts
2026-01-23 17:26:20 - market_data.adapters.zerodha_options_chain - INFO - Using underlying price 58473.1 for BANKNIFTY
2026-01-23 17:37:19 - market_data.tools.kite_auth_service - INFO - Token validated successfully for user: BV2032
2026-01-23 17:37:22 - market_data.adapters.redis_store - INFO - MarketStore: Detected BACKTEST mode (run_id: bt_2026-01-07_zerodha)
2026-01-23 17:37:24 - market_data.adapters.redis_store - INFO - Initialized technical indicators for BANKNIFTY with 100 OHLC bars
2026-01-23 17:37:25 - market_data.adapters.redis_store - INFO - Initialized technical indicators for BANKNIFTY26JANFUT with 100 OHLC bars
2026-01-23 17:37:25 - market_data.adapters.redis_store - INFO - Technical indicators service initialized in MarketStore (BACKTEST mode)
2026-01-23 17:37:25 - market_data.adapters.redis_store - INFO - MarketStore: Detected BACKTEST mode (run_id: bt_2026-01-07_zerodha)
2026-01-23 17:37:26 - market_data.adapters.redis_store - INFO - Initialized technical indicators for BANKNIFTY with 100 OHLC bars
2026-01-23 17:37:27 - market_data.adapters.redis_store - INFO - Initialized technical indicators for BANKNIFTY26JANFUT with 100 OHLC bars
2026-01-23 17:37:27 - market_data.adapters.redis_store - INFO - Technical indicators service initialized in MarketStore (BACKTEST mode)
2026-01-23 17:52:00 - market_data.tools.kite_auth_service - INFO - Token validated successfully for user: BV2032
2026-01-23 17:52:02 - market_data.adapters.redis_store - INFO - MarketStore: Detected BACKTEST mode (run_id: bt_2026-01-07_zerodha)
2026-01-23 17:52:04 - market_data.adapters.redis_store - INFO - Initialized technical indicators for BANKNIFTY with 100 OHLC bars
2026-01-23 17:52:04 - market_data.adapters.redis_store - INFO - Initialized technical indicators for BANKNIFTY26JANFUT with 100 OHLC bars
2026-01-23 17:52:04 - market_data.adapters.redis_store - INFO - Technical indicators service initialized in MarketStore (BACKTEST mode)
2026-01-23 17:52:05 - market_data.adapters.redis_store - INFO - MarketStore: Detected BACKTEST mode (run_id: bt_2026-01-07_zerodha)
2026-01-23 17:52:06 - market_data.adapters.redis_store - INFO - Initialized technical indicators for BANKNIFTY with 100 OHLC bars
2026-01-23 17:52:06 - market_data.adapters.redis_store - INFO - Initialized technical indicators for BANKNIFTY26JANFUT with 100 OHLC bars
2026-01-23 17:52:06 - market_data.adapters.redis_store - INFO - Technical indicators service initialized in MarketStore (BACKTEST mode)
2026-01-23 18:04:28 - market_data.tools.kite_auth_service - INFO - Token validated successfully for user: BV2032
2026-01-23 18:04:30 - market_data.adapters.redis_store - INFO - MarketStore: Detected BACKTEST mode (run_id: bt_2026-01-07_zerodha)
2026-01-23 18:04:33 - market_data.adapters.redis_store - INFO - Initialized technical indicators for BANKNIFTY26JANFUT with 100 OHLC bars
2026-01-23 18:04:34 - market_data.adapters.redis_store - INFO - Initialized technical indicators for BANKNIFTY with 100 OHLC bars
2026-01-23 18:04:34 - market_data.adapters.redis_store - INFO - Technical indicators service initialized in MarketStore (BACKTEST mode)
2026-01-23 18:04:34 - market_data.adapters.redis_store - INFO - MarketStore: Detected BACKTEST mode (run_id: bt_2026-01-07_zerodha)
2026-01-23 18:04:34 - market_data.adapters.redis_store - INFO - Initialized technical indicators for BANKNIFTY26JANFUT with 100 OHLC bars
2026-01-23 18:04:35 - market_data.adapters.redis_store - INFO - Initialized technical indicators for BANKNIFTY with 100 OHLC bars
2026-01-23 18:04:35 - market_data.adapters.redis_store - INFO - Technical indicators service initialized in MarketStore (BACKTEST mode)
2026-01-23 18:06:16 - market_data.circuit_breaker - INFO - Registered fallback for service: redis_get
2026-01-23 18:06:16 - market_data.circuit_breaker - INFO - Registered fallback for service: redis_set
2026-01-23 18:06:16 - market_data.circuit_breaker - INFO - Registered fallback for service: market_data_api
2026-01-23 18:06:16 - market_data.adapters.redis_store - INFO - MarketStore: Detected BACKTEST mode (run_id: bt_2026-01-07_zerodha)
2026-01-23 18:06:16 - market_data.adapters.redis_store - INFO - Initialized technical indicators for BANKNIFTY with 100 OHLC bars
2026-01-23 18:06:17 - market_data.adapters.redis_store - INFO - Initialized technical indicators for BANKNIFTY26JANFUT with 100 OHLC bars
2026-01-23 18:06:17 - market_data.adapters.redis_store - INFO - Technical indicators service initialized in MarketStore (BACKTEST mode)
2026-01-23 18:06:17 - market_data.adapters.zerodha_options_chain - INFO - Initializing ZerodhaOptionsChainAdapter for BANKNIFTY26JANFUT
2026-01-23 18:06:17 - market_data.adapters.zerodha_options_chain - INFO - Downloading NFO instruments...
2026-01-23 18:06:23 - market_data.adapters.zerodha_options_chain - INFO - Loaded 47906 NFO instruments
2026-01-23 18:06:23 - market_data.adapters.zerodha_options_chain - INFO - Filtered 0 BANKNIFTY26JANFUT options
2026-01-23 18:06:23 - market_data.adapters.zerodha_options_chain - WARNING - No options data available, initializing...
2026-01-23 18:06:23 - market_data.adapters.zerodha_options_chain - INFO - Initializing ZerodhaOptionsChainAdapter for BANKNIFTY26JANFUT
2026-01-23 18:06:23 - market_data.adapters.zerodha_options_chain - INFO - Downloading NFO instruments...
2026-01-23 18:06:27 - market_data.adapters.zerodha_options_chain - INFO - Loaded 47906 NFO instruments
2026-01-23 18:06:27 - market_data.adapters.zerodha_options_chain - INFO - Filtered 0 BANKNIFTY26JANFUT options
2026-01-23 18:06:31 - market_data.adapters.zerodha_options_chain - INFO - Initializing ZerodhaOptionsChainAdapter for BANKNIFTY26JANFUT
2026-01-23 18:06:31 - market_data.adapters.zerodha_options_chain - INFO - Downloading NFO instruments...
2026-01-23 18:06:37 - market_data.adapters.zerodha_options_chain - INFO - Loaded 47906 NFO instruments
2026-01-23 18:06:37 - market_data.adapters.zerodha_options_chain - INFO - Filtered 0 BANKNIFTY26JANFUT options
2026-01-23 18:06:37 - market_data.adapters.zerodha_options_chain - WARNING - No options data available, initializing...
2026-01-23 18:06:37 - market_data.adapters.zerodha_options_chain - INFO - Initializing ZerodhaOptionsChainAdapter for BANKNIFTY26JANFUT
2026-01-23 18:06:37 - market_data.adapters.zerodha_options_chain - INFO - Downloading NFO instruments...
2026-01-23 18:06:41 - market_data.adapters.zerodha_options_chain - INFO - Loaded 47906 NFO instruments
2026-01-23 18:06:41 - market_data.adapters.zerodha_options_chain - INFO - Filtered 0 BANKNIFTY26JANFUT options
2026-01-23 18:06:46 - market_data.adapters.zerodha_options_chain - INFO - Initializing ZerodhaOptionsChainAdapter for BANKNIFTY26JANFUT
2026-01-23 18:06:46 - market_data.adapters.zerodha_options_chain - INFO - Downloading NFO instruments...
2026-01-23 18:06:51 - market_data.adapters.zerodha_options_chain - INFO - Loaded 47906 NFO instruments
2026-01-23 18:06:51 - market_data.adapters.zerodha_options_chain - INFO - Filtered 0 BANKNIFTY26JANFUT options
2026-01-23 18:06:51 - market_data.adapters.zerodha_options_chain - WARNING - No options data available, initializing...
2026-01-23 18:06:51 - market_data.adapters.zerodha_options_chain - INFO - Initializing ZerodhaOptionsChainAdapter for BANKNIFTY26JANFUT
2026-01-23 18:06:51 - market_data.adapters.zerodha_options_chain - INFO - Downloading NFO instruments...
2026-01-23 18:06:54 - market_data.adapters.zerodha_options_chain - INFO - Loaded 47906 NFO instruments
2026-01-23 18:06:54 - market_data.adapters.zerodha_options_chain - INFO - Filtered 0 BANKNIFTY26JANFUT options
2026-01-23 18:06:59 - market_data.adapters.zerodha_options_chain - INFO - Initializing ZerodhaOptionsChainAdapter for BANKNIFTY26JANFUT
2026-01-23 18:06:59 - market_data.adapters.zerodha_options_chain - INFO - Downloading NFO instruments...
2026-01-23 18:07:03 - market_data.adapters.zerodha_options_chain - INFO - Loaded 47906 NFO instruments
2026-01-23 18:07:03 - market_data.adapters.zerodha_options_chain - INFO - Filtered 0 BANKNIFTY26JANFUT options
2026-01-23 18:07:03 - market_data.adapters.zerodha_options_chain - WARNING - No options data available, initializing...
2026-01-23 18:07:03 - market_data.adapters.zerodha_options_chain - INFO - Initializing ZerodhaOptionsChainAdapter for BANKNIFTY26JANFUT
2026-01-23 18:07:03 - market_data.adapters.zerodha_options_chain - INFO - Downloading NFO instruments...
2026-01-23 18:07:07 - market_data.adapters.zerodha_options_chain - INFO - Loaded 47906 NFO instruments
2026-01-23 18:07:07 - market_data.adapters.zerodha_options_chain - INFO - Filtered 0 BANKNIFTY26JANFUT options
2026-01-23 18:07:13 - market_data.adapters.zerodha_options_chain - INFO - Initializing ZerodhaOptionsChainAdapter for BANKNIFTY26JANFUT
2026-01-23 18:07:13 - market_data.adapters.zerodha_options_chain - INFO - Downloading NFO instruments...
2026-01-23 18:07:18 - market_data.adapters.zerodha_options_chain - INFO - Loaded 47906 NFO instruments
2026-01-23 18:07:18 - market_data.adapters.zerodha_options_chain - INFO - Filtered 0 BANKNIFTY26JANFUT options
2026-01-23 18:07:18 - market_data.adapters.zerodha_options_chain - WARNING - No options data available, initializing...
2026-01-23 18:07:18 - market_data.adapters.zerodha_options_chain - INFO - Initializing ZerodhaOptionsChainAdapter for BANKNIFTY26JANFUT
2026-01-23 18:07:18 - market_data.adapters.zerodha_options_chain - INFO - Downloading NFO instruments...
2026-01-23 18:07:25 - market_data.adapters.zerodha_options_chain - INFO - Loaded 47906 NFO instruments
2026-01-23 18:07:25 - market_data.adapters.zerodha_options_chain - INFO - Filtered 0 BANKNIFTY26JANFUT options
2026-01-23 18:07:30 - market_data.adapters.zerodha_options_chain - INFO - Initializing ZerodhaOptionsChainAdapter for BANKNIFTY26JANFUT
2026-01-23 18:07:30 - market_data.adapters.zerodha_options_chain - INFO - Downloading NFO instruments...
2026-01-23 18:07:33 - market_data.adapters.zerodha_options_chain - INFO - Loaded 47906 NFO instruments
2026-01-23 18:07:33 - market_data.adapters.zerodha_options_chain - INFO - Filtered 0 BANKNIFTY26JANFUT options
2026-01-23 18:07:34 - market_data.adapters.zerodha_options_chain - WARNING - No options data available, initializing...
2026-01-23 18:07:34 - market_data.adapters.zerodha_options_chain - INFO - Initializing ZerodhaOptionsChainAdapter for BANKNIFTY26JANFUT
2026-01-23 18:07:34 - market_data.adapters.zerodha_options_chain - INFO - Downloading NFO instruments...
2026-01-23 18:07:36 - market_data.adapters.zerodha_options_chain - INFO - Loaded 47906 NFO instruments
2026-01-23 18:07:36 - market_data.adapters.zerodha_options_chain - INFO - Filtered 0 BANKNIFTY26JANFUT options
2026-01-23 18:07:40 - market_data.adapters.zerodha_options_chain - INFO - Initializing ZerodhaOptionsChainAdapter for BANKNIFTY26JANFUT
2026-01-23 18:07:40 - market_data.adapters.zerodha_options_chain - INFO - Downloading NFO instruments...
2026-01-23 18:07:43 - market_data.adapters.zerodha_options_chain - INFO - Loaded 47906 NFO instruments
2026-01-23 18:07:43 - market_data.adapters.zerodha_options_chain - INFO - Filtered 0 BANKNIFTY26JANFUT options
2026-01-23 18:07:43 - market_data.adapters.zerodha_options_chain - WARNING - No options data available, initializing...
2026-01-23 18:07:43 - market_data.adapters.zerodha_options_chain - INFO - Initializing ZerodhaOptionsChainAdapter for BANKNIFTY26JANFUT
2026-01-23 18:07:43 - market_data.adapters.zerodha_options_chain - INFO - Downloading NFO instruments...
2026-01-23 18:07:46 - market_data.adapters.zerodha_options_chain - INFO - Loaded 47906 NFO instruments
2026-01-23 18:07:46 - market_data.adapters.zerodha_options_chain - INFO - Filtered 0 BANKNIFTY26JANFUT options
2026-01-23 18:07:50 - market_data.adapters.zerodha_options_chain - INFO - Initializing ZerodhaOptionsChainAdapter for BANKNIFTY26JANFUT
2026-01-23 18:07:50 - market_data.adapters.zerodha_options_chain - INFO - Downloading NFO instruments...
2026-01-23 18:07:54 - market_data.adapters.zerodha_options_chain - INFO - Loaded 47906 NFO instruments
2026-01-23 18:07:54 - market_data.adapters.zerodha_options_chain - INFO - Filtered 0 BANKNIFTY26JANFUT options
2026-01-23 18:07:54 - market_data.adapters.zerodha_options_chain - WARNING - No options data available, initializing...
2026-01-23 18:07:54 - market_data.adapters.zerodha_options_chain - INFO - Initializing ZerodhaOptionsChainAdapter for BANKNIFTY26JANFUT
2026-01-23 18:07:54 - market_data.adapters.zerodha_options_chain - INFO - Downloading NFO instruments...
2026-01-23 18:07:57 - market_data.adapters.zerodha_options_chain - INFO - Loaded 47906 NFO instruments
2026-01-23 18:07:57 - market_data.adapters.zerodha_options_chain - INFO - Filtered 0 BANKNIFTY26JANFUT options
2026-01-23 18:08:01 - market_data.adapters.zerodha_options_chain - INFO - Initializing ZerodhaOptionsChainAdapter for BANKNIFTY26JANFUT
2026-01-23 18:08:01 - market_data.adapters.zerodha_options_chain - INFO - Downloading NFO instruments...
2026-01-23 18:08:04 - market_data.adapters.zerodha_options_chain - INFO - Loaded 47906 NFO instruments
2026-01-23 18:08:04 - market_data.adapters.zerodha_options_chain - INFO - Filtered 0 BANKNIFTY26JANFUT options
2026-01-23 18:08:04 - market_data.adapters.zerodha_options_chain - WARNING - No options data available, initializing...
2026-01-23 18:08:04 - market_data.adapters.zerodha_options_chain - INFO - Initializing ZerodhaOptionsChainAdapter for BANKNIFTY26JANFUT
2026-01-23 18:08:04 - market_data.adapters.zerodha_options_chain - INFO - Downloading NFO instruments...
2026-01-23 18:08:08 - market_data.adapters.zerodha_options_chain - INFO - Loaded 47906 NFO instruments
2026-01-23 18:08:08 - market_data.adapters.zerodha_options_chain - INFO - Filtered 0 BANKNIFTY26JANFUT options
2026-01-23 18:08:12 - market_data.adapters.zerodha_options_chain - INFO - Initializing ZerodhaOptionsChainAdapter for BANKNIFTY26JANFUT
2026-01-23 18:08:12 - market_data.adapters.zerodha_options_chain - INFO - Downloading NFO instruments...
2026-01-23 18:08:15 - market_data.adapters.zerodha_options_chain - INFO - Loaded 47906 NFO instruments
2026-01-23 18:08:15 - market_data.adapters.zerodha_options_chain - INFO - Filtered 0 BANKNIFTY26JANFUT options
2026-01-23 18:08:15 - market_data.adapters.zerodha_options_chain - WARNING - No options data available, initializing...
2026-01-23 18:08:15 - market_data.adapters.zerodha_options_chain - INFO - Initializing ZerodhaOptionsChainAdapter for BANKNIFTY26JANFUT
2026-01-23 18:08:15 - market_data.adapters.zerodha_options_chain - INFO - Downloading NFO instruments...
2026-01-23 18:08:18 - market_data.adapters.zerodha_options_chain - INFO - Loaded 47906 NFO instruments
2026-01-23 18:08:18 - market_data.adapters.zerodha_options_chain - INFO - Filtered 0 BANKNIFTY26JANFUT options
2026-01-23 18:08:25 - market_data.adapters.zerodha_options_chain - INFO - Initializing ZerodhaOptionsChainAdapter for BANKNIFTY26JANFUT
2026-01-23 18:08:25 - market_data.adapters.zerodha_options_chain - INFO - Downloading NFO instruments...
2026-01-23 18:08:29 - market_data.adapters.zerodha_options_chain - INFO - Loaded 47906 NFO instruments
2026-01-23 18:08:29 - market_data.adapters.zerodha_options_chain - INFO - Filtered 0 BANKNIFTY26JANFUT options
2026-01-23 18:08:29 - market_data.adapters.zerodha_options_chain - WARNING - No options data available, initializing...
2026-01-23 18:08:29 - market_data.adapters.zerodha_options_chain - INFO - Initializing ZerodhaOptionsChainAdapter for BANKNIFTY26JANFUT
2026-01-23 18:08:29 - market_data.adapters.zerodha_options_chain - INFO - Downloading NFO instruments...
2026-01-23 18:08:34 - market_data.adapters.zerodha_options_chain - INFO - Loaded 47906 NFO instruments
2026-01-23 18:08:34 - market_data.adapters.zerodha_options_chain - INFO - Filtered 0 BANKNIFTY26JANFUT options
2026-01-23 18:08:39 - market_data.adapters.zerodha_options_chain - INFO - Initializing ZerodhaOptionsChainAdapter for BANKNIFTY26JANFUT
2026-01-23 18:08:39 - market_data.adapters.zerodha_options_chain - INFO - Downloading NFO instruments...
2026-01-23 18:08:43 - market_data.adapters.zerodha_options_chain - INFO - Loaded 47906 NFO instruments
2026-01-23 18:08:43 - market_data.adapters.zerodha_options_chain - INFO - Filtered 0 BANKNIFTY26JANFUT options
2026-01-23 18:08:43 - market_data.adapters.zerodha_options_chain - WARNING - No options data available, initializing...
2026-01-23 18:08:43 - market_data.adapters.zerodha_options_chain - INFO - Initializing ZerodhaOptionsChainAdapter for BANKNIFTY26JANFUT
2026-01-23 18:08:43 - market_data.adapters.zerodha_options_chain - INFO - Downloading NFO instruments...
2026-01-23 18:08:48 - market_data.adapters.zerodha_options_chain - INFO - Loaded 47906 NFO instruments
2026-01-23 18:08:48 - market_data.adapters.zerodha_options_chain - INFO - Filtered 0 BANKNIFTY26JANFUT options
2026-01-23 18:08:52 - market_data.adapters.zerodha_options_chain - INFO - Initializing ZerodhaOptionsChainAdapter for BANKNIFTY26JANFUT
2026-01-23 18:08:52 - market_data.adapters.zerodha_options_chain - INFO - Downloading NFO instruments...
2026-01-23 18:08:57 - market_data.adapters.zerodha_options_chain - INFO - Loaded 47906 NFO instruments
2026-01-23 18:08:57 - market_data.adapters.zerodha_options_chain - INFO - Filtered 0 BANKNIFTY26JANFUT options
2026-01-23 18:08:57 - market_data.adapters.zerodha_options_chain - WARNING - No options data available, initializing...
2026-01-23 18:08:57 - market_data.adapters.zerodha_options_chain - INFO - Initializing ZerodhaOptionsChainAdapter for BANKNIFTY26JANFUT
2026-01-23 18:08:57 - market_data.adapters.zerodha_options_chain - INFO - Downloading NFO instruments...
2026-01-23 18:09:01 - market_data.adapters.zerodha_options_chain - INFO - Loaded 47906 NFO instruments
2026-01-23 18:09:01 - market_data.adapters.zerodha_options_chain - INFO - Filtered 0 BANKNIFTY26JANFUT options
2026-01-23 18:09:07 - market_data.adapters.zerodha_options_chain - INFO - Initializing ZerodhaOptionsChainAdapter for BANKNIFTY26JANFUT
2026-01-23 18:09:07 - market_data.adapters.zerodha_options_chain - INFO - Downloading NFO instruments...
2026-01-23 18:09:12 - market_data.adapters.zerodha_options_chain - INFO - Loaded 47906 NFO instruments
2026-01-23 18:09:12 - market_data.adapters.zerodha_options_chain - INFO - Filtered 0 BANKNIFTY26JANFUT options
2026-01-23 18:09:12 - market_data.adapters.zerodha_options_chain - WARNING - No options data available, initializing...
2026-01-23 18:09:12 - market_data.adapters.zerodha_options_chain - INFO - Initializing ZerodhaOptionsChainAdapter for BANKNIFTY26JANFUT
2026-01-23 18:09:12 - market_data.adapters.zerodha_options_chain - INFO - Downloading NFO instruments...
2026-01-23 18:09:16 - market_data.adapters.zerodha_options_chain - INFO - Loaded 47906 NFO instruments
2026-01-23 18:09:16 - market_data.adapters.zerodha_options_chain - INFO - Filtered 0 BANKNIFTY26JANFUT options
2026-01-23 18:09:20 - market_data.adapters.zerodha_options_chain - INFO - Initializing ZerodhaOptionsChainAdapter for BANKNIFTY26JANFUT
2026-01-23 18:09:20 - market_data.adapters.zerodha_options_chain - INFO - Downloading NFO instruments...
2026-01-23 18:09:26 - market_data.adapters.zerodha_options_chain - INFO - Loaded 47906 NFO instruments
2026-01-23 18:09:26 - market_data.adapters.zerodha_options_chain - INFO - Filtered 0 BANKNIFTY26JANFUT options
2026-01-23 18:09:26 - market_data.adapters.zerodha_options_chain - WARNING - No options data available, initializing...
2026-01-23 18:09:26 - market_data.adapters.zerodha_options_chain - INFO - Initializing ZerodhaOptionsChainAdapter for BANKNIFTY26JANFUT
2026-01-23 18:09:26 - market_data.adapters.zerodha_options_chain - INFO - Downloading NFO instruments...
2026-01-23 18:09:31 - market_data.adapters.zerodha_options_chain - INFO - Loaded 47906 NFO instruments
2026-01-23 18:09:31 - market_data.adapters.zerodha_options_chain - INFO - Filtered 0 BANKNIFTY26JANFUT options
2026-01-23 18:11:31 - market_data.adapters.zerodha_options_chain - INFO - Initializing ZerodhaOptionsChainAdapter for BANKNIFTY26JANFUT
2026-01-23 18:11:31 - market_data.adapters.zerodha_options_chain - INFO - Downloading NFO instruments...
2026-01-23 18:11:35 - market_data.adapters.zerodha_options_chain - INFO - Loaded 47906 NFO instruments
2026-01-23 18:11:35 - market_data.adapters.zerodha_options_chain - INFO - Filtered 0 BANKNIFTY26JANFUT options
2026-01-23 18:11:35 - market_data.adapters.zerodha_options_chain - WARNING - No options data available, initializing...
2026-01-23 18:11:35 - market_data.adapters.zerodha_options_chain - INFO - Initializing ZerodhaOptionsChainAdapter for BANKNIFTY26JANFUT
2026-01-23 18:11:35 - market_data.adapters.zerodha_options_chain - INFO - Downloading NFO instruments...
2026-01-23 18:11:39 - market_data.adapters.zerodha_options_chain - INFO - Loaded 47906 NFO instruments
2026-01-23 18:11:39 - market_data.adapters.zerodha_options_chain - INFO - Filtered 0 BANKNIFTY26JANFUT options
2026-01-23 18:11:40 - market_data.adapters.zerodha_options_chain - INFO - Retrieved last prices for 276 option contracts
2026-01-23 18:11:40 - market_data.adapters.zerodha_options_chain - INFO - Using underlying price 58473.1 for BANKNIFTY
2026-01-23 18:11:57 - market_data.adapters.zerodha_options_chain - INFO - Initializing ZerodhaOptionsChainAdapter for BANKNIFTY26JANFUT
2026-01-23 18:11:57 - market_data.adapters.zerodha_options_chain - INFO - Downloading NFO instruments...
2026-01-23 18:12:01 - market_data.adapters.zerodha_options_chain - INFO - Loaded 47906 NFO instruments
2026-01-23 18:12:01 - market_data.adapters.zerodha_options_chain - INFO - Filtered 0 BANKNIFTY26JANFUT options
2026-01-23 18:12:01 - market_data.adapters.zerodha_options_chain - WARNING - No options data available, initializing...
2026-01-23 18:12:01 - market_data.adapters.zerodha_options_chain - INFO - Initializing ZerodhaOptionsChainAdapter for BANKNIFTY26JANFUT
2026-01-23 18:12:01 - market_data.adapters.zerodha_options_chain - INFO - Downloading NFO instruments...
2026-01-23 18:12:07 - market_data.adapters.zerodha_options_chain - INFO - Loaded 47906 NFO instruments
2026-01-23 18:12:07 - market_data.adapters.zerodha_options_chain - INFO - Filtered 0 BANKNIFTY26JANFUT options
2026-01-23 18:12:07 - market_data.adapters.zerodha_options_chain - INFO - Retrieved last prices for 276 option contracts
2026-01-23 18:12:07 - market_data.adapters.zerodha_options_chain - INFO - Using underlying price 58473.1 for BANKNIFTY
2026-01-23 18:12:11 - market_data.adapters.zerodha_options_chain - INFO - Initializing ZerodhaOptionsChainAdapter for BANKNIFTY26JANFUT
2026-01-23 18:12:11 - market_data.adapters.zerodha_options_chain - INFO - Downloading NFO instruments...
2026-01-23 18:12:16 - market_data.adapters.zerodha_options_chain - INFO - Loaded 47906 NFO instruments
2026-01-23 18:12:16 - market_data.adapters.zerodha_options_chain - INFO - Filtered 0 BANKNIFTY26JANFUT options
2026-01-23 18:12:16 - market_data.adapters.zerodha_options_chain - WARNING - No options data available, initializing...
2026-01-23 18:12:16 - market_data.adapters.zerodha_options_chain - INFO - Initializing ZerodhaOptionsChainAdapter for BANKNIFTY26JANFUT
2026-01-23 18:12:16 - market_data.adapters.zerodha_options_chain - INFO - Downloading NFO instruments...
2026-01-23 18:12:23 - market_data.adapters.zerodha_options_chain - INFO - Loaded 47906 NFO instruments
2026-01-23 18:12:23 - market_data.adapters.zerodha_options_chain - INFO - Filtered 0 BANKNIFTY26JANFUT options
2026-01-23 18:12:24 - market_data.adapters.zerodha_options_chain - INFO - Retrieved last prices for 276 option contracts
2026-01-23 18:12:24 - market_data.adapters.zerodha_options_chain - INFO - Using underlying price 58473.1 for BANKNIFTY
2026-01-23 18:16:31 - market_data.adapters.zerodha_options_chain - INFO - Initializing ZerodhaOptionsChainAdapter for BANKNIFTY26JANFUT
2026-01-23 18:16:31 - market_data.adapters.zerodha_options_chain - INFO - Downloading NFO instruments...
2026-01-23 18:16:39 - market_data.adapters.zerodha_options_chain - INFO - Loaded 47906 NFO instruments
2026-01-23 18:16:39 - market_data.adapters.zerodha_options_chain - INFO - Filtered 0 BANKNIFTY26JANFUT options
2026-01-23 18:16:39 - market_data.adapters.zerodha_options_chain - WARNING - No options data available, initializing...
2026-01-23 18:16:39 - market_data.adapters.zerodha_options_chain - INFO - Initializing ZerodhaOptionsChainAdapter for BANKNIFTY26JANFUT
2026-01-23 18:16:39 - market_data.adapters.zerodha_options_chain - INFO - Downloading NFO instruments...
2026-01-23 18:16:47 - market_data.adapters.zerodha_options_chain - INFO - Loaded 47906 NFO instruments
2026-01-23 18:16:47 - market_data.adapters.zerodha_options_chain - INFO - Filtered 0 BANKNIFTY26JANFUT options
2026-01-23 18:22:25 - market_data.adapters.zerodha_options_chain - INFO - Initializing ZerodhaOptionsChainAdapter for BANKNIFTY26JANFUT
2026-01-23 18:22:25 - market_data.adapters.zerodha_options_chain - INFO - Downloading NFO instruments...
2026-01-23 18:22:30 - market_data.adapters.zerodha_options_chain - INFO - Loaded 47906 NFO instruments
2026-01-23 18:22:30 - market_data.adapters.zerodha_options_chain - INFO - Filtered 0 BANKNIFTY26JANFUT options
2026-01-23 18:22:30 - market_data.adapters.zerodha_options_chain - WARNING - No options data available, initializing...
2026-01-23 18:22:30 - market_data.adapters.zerodha_options_chain - INFO - Initializing ZerodhaOptionsChainAdapter for BANKNIFTY26JANFUT
2026-01-23 18:22:30 - market_data.adapters.zerodha_options_chain - INFO - Downloading NFO instruments...
2026-01-23 18:22:37 - market_data.adapters.zerodha_options_chain - INFO - Loaded 47906 NFO instruments
2026-01-23 18:22:37 - market_data.adapters.zerodha_options_chain - INFO - Filtered 0 BANKNIFTY26JANFUT options
2026-01-23 18:27:19 - market_data.adapters.zerodha_options_chain - INFO - Initializing ZerodhaOptionsChainAdapter for BANKNIFTY26JANFUT
2026-01-23 18:27:19 - market_data.adapters.zerodha_options_chain - INFO - Downloading NFO instruments...
2026-01-23 18:27:37 - market_data.adapters.zerodha_options_chain - INFO - Loaded 47906 NFO instruments
2026-01-23 18:27:37 - market_data.adapters.zerodha_options_chain - INFO - Filtered 0 BANKNIFTY26JANFUT options
2026-01-23 18:27:37 - market_data.adapters.zerodha_options_chain - WARNING - No options data available, initializing...
2026-01-23 18:27:37 - market_data.adapters.zerodha_options_chain - INFO - Initializing ZerodhaOptionsChainAdapter for BANKNIFTY26JANFUT
2026-01-23 18:27:37 - market_data.adapters.zerodha_options_chain - INFO - Downloading NFO instruments...
2026-01-23 18:27:54 - market_data.adapters.zerodha_options_chain - INFO - Loaded 47906 NFO instruments
2026-01-23 18:27:54 - market_data.adapters.zerodha_options_chain - INFO - Filtered 0 BANKNIFTY26JANFUT options
2026-01-23 18:36:57 - market_data.tools.kite_auth_service - INFO - Token validated successfully for user: BV2032
2026-01-23 18:36:59 - market_data.adapters.redis_store - INFO - MarketStore: Detected BACKTEST mode (run_id: bt_2026-01-07_zerodha)
2026-01-23 18:37:01 - market_data.adapters.redis_store - INFO - Initialized technical indicators for BANKNIFTY with 100 OHLC bars
2026-01-23 18:37:01 - market_data.adapters.redis_store - INFO - Initialized technical indicators for BANKNIFTY26JANFUT with 100 OHLC bars
2026-01-23 18:37:01 - market_data.adapters.redis_store - INFO - Technical indicators service initialized in MarketStore (BACKTEST mode)
2026-01-23 18:37:01 - market_data.adapters.redis_store - INFO - MarketStore: Detected BACKTEST mode (run_id: bt_2026-01-07_zerodha)
2026-01-23 18:37:02 - market_data.adapters.redis_store - INFO - Initialized technical indicators for BANKNIFTY with 100 OHLC bars
2026-01-23 18:37:02 - market_data.adapters.redis_store - INFO - Initialized technical indicators for BANKNIFTY26JANFUT with 100 OHLC bars
2026-01-23 18:37:02 - market_data.adapters.redis_store - INFO - Technical indicators service initialized in MarketStore (BACKTEST mode)
2026-01-23 18:38:44 - market_data.circuit_breaker - INFO - Registered fallback for service: redis_get
2026-01-23 18:38:44 - market_data.circuit_breaker - INFO - Registered fallback for service: redis_set
2026-01-23 18:38:44 - market_data.circuit_breaker - INFO - Registered fallback for service: market_data_api
2026-01-23 18:38:45 - market_data.adapters.redis_store - INFO - MarketStore: Detected BACKTEST mode (run_id: bt_2026-01-07_zerodha)
2026-01-23 18:38:47 - market_data.adapters.redis_store - INFO - Initialized technical indicators for BANKNIFTY26JANFUT with 100 OHLC bars
2026-01-23 18:38:48 - market_data.adapters.redis_store - INFO - Initialized technical indicators for BANKNIFTY with 100 OHLC bars
2026-01-23 18:38:48 - market_data.adapters.redis_store - INFO - Technical indicators service initialized in MarketStore (BACKTEST mode)
2026-01-23 18:38:48 - market_data.adapters.zerodha_options_chain - INFO - Initializing ZerodhaOptionsChainAdapter for BANKNIFTY26JANFUT
2026-01-23 18:38:48 - market_data.adapters.zerodha_options_chain - INFO - Downloading NFO instruments...
2026-01-23 18:38:53 - market_data.adapters.zerodha_options_chain - INFO - Loaded 47906 NFO instruments
2026-01-23 18:38:53 - market_data.adapters.zerodha_options_chain - INFO - Filtered 0 BANKNIFTY26JANFUT options
2026-01-23 18:38:53 - market_data.adapters.zerodha_options_chain - WARNING - No options data available, initializing...
2026-01-23 18:38:53 - market_data.adapters.zerodha_options_chain - INFO - Initializing ZerodhaOptionsChainAdapter for BANKNIFTY26JANFUT
2026-01-23 18:38:53 - market_data.adapters.zerodha_options_chain - INFO - Downloading NFO instruments...
2026-01-23 18:38:58 - market_data.adapters.zerodha_options_chain - INFO - Loaded 47906 NFO instruments
2026-01-23 18:38:58 - market_data.adapters.zerodha_options_chain - INFO - Filtered 0 BANKNIFTY26JANFUT options
2026-01-23 18:39:02 - market_data.adapters.zerodha_options_chain - INFO - Initializing ZerodhaOptionsChainAdapter for BANKNIFTY26JANFUT
2026-01-23 18:39:02 - market_data.adapters.zerodha_options_chain - INFO - Downloading NFO instruments...
2026-01-23 18:39:06 - market_data.adapters.zerodha_options_chain - INFO - Loaded 47906 NFO instruments
2026-01-23 18:39:06 - market_data.adapters.zerodha_options_chain - INFO - Filtered 0 BANKNIFTY26JANFUT options
2026-01-23 18:39:06 - market_data.adapters.zerodha_options_chain - WARNING - No options data available, initializing...
2026-01-23 18:39:06 - market_data.adapters.zerodha_options_chain - INFO - Initializing ZerodhaOptionsChainAdapter for BANKNIFTY26JANFUT
2026-01-23 18:39:06 - market_data.adapters.zerodha_options_chain - INFO - Downloading NFO instruments...
2026-01-23 18:39:09 - market_data.adapters.zerodha_options_chain - INFO - Loaded 47906 NFO instruments
2026-01-23 18:39:09 - market_data.adapters.zerodha_options_chain - INFO - Filtered 0 BANKNIFTY26JANFUT options
2026-01-23 18:39:13 - market_data.adapters.zerodha_options_chain - INFO - Initializing ZerodhaOptionsChainAdapter for BANKNIFTY26JANFUT
2026-01-23 18:39:13 - market_data.adapters.zerodha_options_chain - INFO - Downloading NFO instruments...
2026-01-23 18:39:17 - market_data.adapters.zerodha_options_chain - INFO - Loaded 47906 NFO instruments
2026-01-23 18:39:17 - market_data.adapters.zerodha_options_chain - INFO - Filtered 0 BANKNIFTY26JANFUT options
2026-01-23 18:39:17 - market_data.adapters.zerodha_options_chain - WARNING - No options data available, initializing...
2026-01-23 18:39:17 - market_data.adapters.zerodha_options_chain - INFO - Initializing ZerodhaOptionsChainAdapter for BANKNIFTY26JANFUT
2026-01-23 18:39:17 - market_data.adapters.zerodha_options_chain - INFO - Downloading NFO instruments...
2026-01-23 18:39:21 - market_data.adapters.zerodha_options_chain - INFO - Loaded 47906 NFO instruments
2026-01-23 18:39:21 - market_data.adapters.zerodha_options_chain - INFO - Filtered 0 BANKNIFTY26JANFUT options
2026-01-23 18:39:25 - market_data.adapters.zerodha_options_chain - INFO - Initializing ZerodhaOptionsChainAdapter for BANKNIFTY26JANFUT
2026-01-23 18:39:25 - market_data.adapters.zerodha_options_chain - INFO - Downloading NFO instruments...
2026-01-23 18:39:29 - market_data.adapters.zerodha_options_chain - INFO - Loaded 47906 NFO instruments
2026-01-23 18:39:29 - market_data.adapters.zerodha_options_chain - INFO - Filtered 0 BANKNIFTY26JANFUT options
2026-01-23 18:39:29 - market_data.adapters.zerodha_options_chain - WARNING - No options data available, initializing...
2026-01-23 18:39:29 - market_data.adapters.zerodha_options_chain - INFO - Initializing ZerodhaOptionsChainAdapter for BANKNIFTY26JANFUT
2026-01-23 18:39:29 - market_data.adapters.zerodha_options_chain - INFO - Downloading NFO instruments...
2026-01-23 18:39:32 - market_data.adapters.zerodha_options_chain - INFO - Loaded 47906 NFO instruments
2026-01-23 18:39:32 - market_data.adapters.zerodha_options_chain - INFO - Filtered 0 BANKNIFTY26JANFUT options
2026-01-23 18:39:37 - market_data.adapters.zerodha_options_chain - INFO - Initializing ZerodhaOptionsChainAdapter for BANKNIFTY26JANFUT
2026-01-23 18:39:37 - market_data.adapters.zerodha_options_chain - INFO - Downloading NFO instruments...
2026-01-23 18:39:41 - market_data.adapters.zerodha_options_chain - INFO - Loaded 47906 NFO instruments
2026-01-23 18:39:41 - market_data.adapters.zerodha_options_chain - INFO - Filtered 0 BANKNIFTY26JANFUT options
2026-01-23 18:39:41 - market_data.adapters.zerodha_options_chain - WARNING - No options data available, initializing...
2026-01-23 18:39:41 - market_data.adapters.zerodha_options_chain - INFO - Initializing ZerodhaOptionsChainAdapter for BANKNIFTY26JANFUT
2026-01-23 18:39:41 - market_data.adapters.zerodha_options_chain - INFO - Downloading NFO instruments...
2026-01-23 18:39:45 - market_data.adapters.zerodha_options_chain - INFO - Loaded 47906 NFO instruments
2026-01-23 18:39:45 - market_data.adapters.zerodha_options_chain - INFO - Filtered 0 BANKNIFTY26JANFUT options
2026-01-23 18:39:49 - market_data.adapters.zerodha_options_chain - INFO - Initializing ZerodhaOptionsChainAdapter for BANKNIFTY26JANFUT
2026-01-23 18:39:49 - market_data.adapters.zerodha_options_chain - INFO - Downloading NFO instruments...
2026-01-23 18:39:53 - market_data.adapters.zerodha_options_chain - INFO - Loaded 47906 NFO instruments
2026-01-23 18:39:53 - market_data.adapters.zerodha_options_chain - INFO - Filtered 0 BANKNIFTY26JANFUT options
2026-01-23 18:39:53 - market_data.adapters.zerodha_options_chain - WARNING - No options data available, initializing...
2026-01-23 18:39:53 - market_data.adapters.zerodha_options_chain - INFO - Initializing ZerodhaOptionsChainAdapter for BANKNIFTY26JANFUT
2026-01-23 18:39:53 - market_data.adapters.zerodha_options_chain - INFO - Downloading NFO instruments...
2026-01-23 18:39:56 - market_data.adapters.zerodha_options_chain - INFO - Loaded 47906 NFO instruments
2026-01-23 18:39:56 - market_data.adapters.zerodha_options_chain - INFO - Filtered 0 BANKNIFTY26JANFUT options
2026-01-23 18:40:00 - market_data.adapters.zerodha_options_chain - INFO - Initializing ZerodhaOptionsChainAdapter for BANKNIFTY26JANFUT
2026-01-23 18:40:00 - market_data.adapters.zerodha_options_chain - INFO - Downloading NFO instruments...
2026-01-23 18:40:04 - market_data.adapters.zerodha_options_chain - INFO - Loaded 47906 NFO instruments
2026-01-23 18:40:04 - market_data.adapters.zerodha_options_chain - INFO - Filtered 0 BANKNIFTY26JANFUT options
2026-01-23 18:40:04 - market_data.adapters.zerodha_options_chain - WARNING - No options data available, initializing...
2026-01-23 18:40:04 - market_data.adapters.zerodha_options_chain - INFO - Initializing ZerodhaOptionsChainAdapter for BANKNIFTY26JANFUT
2026-01-23 18:40:04 - market_data.adapters.zerodha_options_chain - INFO - Downloading NFO instruments...
2026-01-23 18:40:08 - market_data.adapters.zerodha_options_chain - INFO - Loaded 47906 NFO instruments
2026-01-23 18:40:08 - market_data.adapters.zerodha_options_chain - INFO - Filtered 0 BANKNIFTY26JANFUT options
2026-01-23 18:40:13 - market_data.adapters.zerodha_options_chain - INFO - Initializing ZerodhaOptionsChainAdapter for BANKNIFTY26JANFUT
2026-01-23 18:40:13 - market_data.adapters.zerodha_options_chain - INFO - Downloading NFO instruments...
2026-01-23 18:40:19 - market_data.adapters.zerodha_options_chain - INFO - Loaded 47906 NFO instruments
2026-01-23 18:40:19 - market_data.adapters.zerodha_options_chain - INFO - Filtered 0 BANKNIFTY26JANFUT options
2026-01-23 18:40:19 - market_data.adapters.zerodha_options_chain - WARNING - No options data available, initializing...
2026-01-23 18:40:19 - market_data.adapters.zerodha_options_chain - INFO - Initializing ZerodhaOptionsChainAdapter for BANKNIFTY26JANFUT
2026-01-23 18:40:19 - market_data.adapters.zerodha_options_chain - INFO - Downloading NFO instruments...
2026-01-23 18:40:25 - market_data.adapters.zerodha_options_chain - INFO - Loaded 47906 NFO instruments
2026-01-23 18:40:25 - market_data.adapters.zerodha_options_chain - INFO - Filtered 0 BANKNIFTY26JANFUT options
2026-01-23 18:40:34 - market_data.adapters.zerodha_options_chain - INFO - Initializing ZerodhaOptionsChainAdapter for BANKNIFTY26JANFUT
2026-01-23 18:40:34 - market_data.adapters.zerodha_options_chain - INFO - Downloading NFO instruments...
2026-01-23 18:40:39 - market_data.adapters.zerodha_options_chain - INFO - Loaded 47906 NFO instruments
2026-01-23 18:40:39 - market_data.adapters.zerodha_options_chain - INFO - Filtered 0 BANKNIFTY26JANFUT options
2026-01-23 18:40:39 - market_data.adapters.zerodha_options_chain - WARNING - No options data available, initializing...
2026-01-23 18:40:39 - market_data.adapters.zerodha_options_chain - INFO - Initializing ZerodhaOptionsChainAdapter for BANKNIFTY26JANFUT
2026-01-23 18:40:39 - market_data.adapters.zerodha_options_chain - INFO - Downloading NFO instruments...
2026-01-23 18:40:42 - market_data.adapters.zerodha_options_chain - INFO - Loaded 47906 NFO instruments
2026-01-23 18:40:42 - market_data.adapters.zerodha_options_chain - INFO - Filtered 0 BANKNIFTY26JANFUT options
2026-01-23 18:40:47 - market_data.adapters.zerodha_options_chain - INFO - Initializing ZerodhaOptionsChainAdapter for BANKNIFTY26JANFUT
2026-01-23 18:40:47 - market_data.adapters.zerodha_options_chain - INFO - Downloading NFO instruments...
2026-01-23 18:40:53 - market_data.adapters.zerodha_options_chain - INFO - Loaded 47906 NFO instruments
2026-01-23 18:40:53 - market_data.adapters.zerodha_options_chain - INFO - Filtered 0 BANKNIFTY26JANFUT options
2026-01-23 18:40:53 - market_data.adapters.zerodha_options_chain - WARNING - No options data available, initializing...
2026-01-23 18:40:53 - market_data.adapters.zerodha_options_chain - INFO - Initializing ZerodhaOptionsChainAdapter for BANKNIFTY26JANFUT
2026-01-23 18:40:53 - market_data.adapters.zerodha_options_chain - INFO - Downloading NFO instruments...
2026-01-23 18:40:57 - market_data.adapters.zerodha_options_chain - INFO - Loaded 47906 NFO instruments
2026-01-23 18:40:57 - market_data.adapters.zerodha_options_chain - INFO - Filtered 0 BANKNIFTY26JANFUT options
2026-01-23 18:41:02 - market_data.adapters.zerodha_options_chain - INFO - Initializing ZerodhaOptionsChainAdapter for BANKNIFTY26JANFUT
2026-01-23 18:41:02 - market_data.adapters.zerodha_options_chain - INFO - Downloading NFO instruments...
2026-01-23 18:41:07 - market_data.adapters.zerodha_options_chain - INFO - Loaded 47906 NFO instruments
2026-01-23 18:41:07 - market_data.adapters.zerodha_options_chain - INFO - Filtered 0 BANKNIFTY26JANFUT options
2026-01-23 18:41:07 - market_data.adapters.zerodha_options_chain - WARNING - No options data available, initializing...
2026-01-23 18:41:07 - market_data.adapters.zerodha_options_chain - INFO - Initializing ZerodhaOptionsChainAdapter for BANKNIFTY26JANFUT
2026-01-23 18:41:07 - market_data.adapters.zerodha_options_chain - INFO - Downloading NFO instruments...
2026-01-23 18:41:10 - market_data.adapters.zerodha_options_chain - INFO - Loaded 47906 NFO instruments
2026-01-23 18:41:10 - market_data.adapters.zerodha_options_chain - INFO - Filtered 0 BANKNIFTY26JANFUT options
2026-01-23 18:41:15 - market_data.adapters.zerodha_options_chain - INFO - Initializing ZerodhaOptionsChainAdapter for BANKNIFTY26JANFUT
2026-01-23 18:41:15 - market_data.adapters.zerodha_options_chain - INFO - Downloading NFO instruments...
2026-01-23 18:41:22 - market_data.adapters.zerodha_options_chain - INFO - Loaded 47906 NFO instruments
2026-01-23 18:41:22 - market_data.adapters.zerodha_options_chain - INFO - Filtered 0 BANKNIFTY26JANFUT options
2026-01-23 18:41:22 - market_data.adapters.zerodha_options_chain - WARNING - No options data available, initializing...
2026-01-23 18:41:22 - market_data.adapters.zerodha_options_chain - INFO - Initializing ZerodhaOptionsChainAdapter for BANKNIFTY26JANFUT
2026-01-23 18:41:22 - market_data.adapters.zerodha_options_chain - INFO - Downloading NFO instruments...
2026-01-23 18:41:26 - market_data.adapters.zerodha_options_chain - INFO - Loaded 47906 NFO instruments
2026-01-23 18:41:26 - market_data.adapters.zerodha_options_chain - INFO - Filtered 0 BANKNIFTY26JANFUT options
2026-01-23 18:41:30 - market_data.adapters.zerodha_options_chain - INFO - Initializing ZerodhaOptionsChainAdapter for BANKNIFTY26JANFUT
2026-01-23 18:41:30 - market_data.adapters.zerodha_options_chain - INFO - Downloading NFO instruments...
2026-01-23 18:41:34 - market_data.adapters.zerodha_options_chain - INFO - Loaded 47906 NFO instruments
2026-01-23 18:41:34 - market_data.adapters.zerodha_options_chain - INFO - Filtered 0 BANKNIFTY26JANFUT options
2026-01-23 18:41:34 - market_data.adapters.zerodha_options_chain - WARNING - No options data available, initializing...
2026-01-23 18:41:34 - market_data.adapters.zerodha_options_chain - INFO - Initializing ZerodhaOptionsChainAdapter for BANKNIFTY26JANFUT
2026-01-23 18:41:34 - market_data.adapters.zerodha_options_chain - INFO - Downloading NFO instruments...
2026-01-23 18:41:37 - market_data.adapters.zerodha_options_chain - INFO - Loaded 47906 NFO instruments
2026-01-23 18:41:37 - market_data.adapters.zerodha_options_chain - INFO - Filtered 0 BANKNIFTY26JANFUT options
2026-01-23 18:41:42 - market_data.adapters.zerodha_options_chain - INFO - Initializing ZerodhaOptionsChainAdapter for BANKNIFTY26JANFUT
2026-01-23 18:41:42 - market_data.adapters.zerodha_options_chain - INFO - Downloading NFO instruments...
2026-01-23 18:41:45 - market_data.adapters.zerodha_options_chain - INFO - Loaded 47906 NFO instruments
2026-01-23 18:41:45 - market_data.adapters.zerodha_options_chain - INFO - Filtered 0 BANKNIFTY26JANFUT options
2026-01-23 18:41:45 - market_data.adapters.zerodha_options_chain - WARNING - No options data available, initializing...
2026-01-23 18:41:45 - market_data.adapters.zerodha_options_chain - INFO - Initializing ZerodhaOptionsChainAdapter for BANKNIFTY26JANFUT
2026-01-23 18:41:45 - market_data.adapters.zerodha_options_chain - INFO - Downloading NFO instruments...
2026-01-23 18:41:47 - market_data.adapters.zerodha_options_chain - INFO - Loaded 47906 NFO instruments
2026-01-23 18:41:47 - market_data.adapters.zerodha_options_chain - INFO - Filtered 0 BANKNIFTY26JANFUT options
2026-01-23 18:41:50 - market_data.adapters.zerodha_options_chain - INFO - Initializing ZerodhaOptionsChainAdapter for BANKNIFTY26JANFUT
2026-01-23 18:41:50 - market_data.adapters.zerodha_options_chain - INFO - Downloading NFO instruments...
2026-01-23 18:41:54 - market_data.adapters.zerodha_options_chain - INFO - Loaded 47906 NFO instruments
2026-01-23 18:41:54 - market_data.adapters.zerodha_options_chain - INFO - Filtered 0 BANKNIFTY26JANFUT options
2026-01-23 18:41:54 - market_data.adapters.zerodha_options_chain - WARNING - No options data available, initializing...
2026-01-23 18:41:54 - market_data.adapters.zerodha_options_chain - INFO - Initializing ZerodhaOptionsChainAdapter for BANKNIFTY26JANFUT
2026-01-23 18:41:54 - market_data.adapters.zerodha_options_chain - INFO - Downloading NFO instruments...
2026-01-23 18:41:59 - market_data.adapters.zerodha_options_chain - INFO - Loaded 47906 NFO instruments
2026-01-23 18:41:59 - market_data.adapters.zerodha_options_chain - INFO - Filtered 0 BANKNIFTY26JANFUT options
2026-01-23 18:45:37 - market_data.adapters.zerodha_options_chain - INFO - Initializing ZerodhaOptionsChainAdapter for BANKNIFTY26JANFUT
2026-01-23 18:45:37 - market_data.adapters.zerodha_options_chain - INFO - Downloading NFO instruments...
2026-01-23 18:45:41 - market_data.adapters.zerodha_options_chain - INFO - Loaded 47906 NFO instruments
2026-01-23 18:45:41 - market_data.adapters.zerodha_options_chain - INFO - Filtered 0 BANKNIFTY26JANFUT options
2026-01-23 18:45:41 - market_data.adapters.zerodha_options_chain - WARNING - No options data available, initializing...
2026-01-23 18:45:41 - market_data.adapters.zerodha_options_chain - INFO - Initializing ZerodhaOptionsChainAdapter for BANKNIFTY26JANFUT
2026-01-23 18:45:41 - market_data.adapters.zerodha_options_chain - INFO - Downloading NFO instruments...
2026-01-23 18:45:44 - market_data.adapters.zerodha_options_chain - INFO - Loaded 47906 NFO instruments
2026-01-23 18:45:44 - market_data.adapters.zerodha_options_chain - INFO - Filtered 0 BANKNIFTY26JANFUT options
2026-01-23 18:46:00 - market_data.adapters.zerodha_options_chain - INFO - Initializing ZerodhaOptionsChainAdapter for BANKNIFTY26JANFUT
2026-01-23 18:46:00 - market_data.adapters.zerodha_options_chain - INFO - Downloading NFO instruments...
2026-01-23 18:46:04 - market_data.adapters.zerodha_options_chain - INFO - Loaded 47906 NFO instruments
2026-01-23 18:46:04 - market_data.adapters.zerodha_options_chain - INFO - Filtered 0 BANKNIFTY26JANFUT options
2026-01-23 18:46:05 - market_data.adapters.zerodha_options_chain - WARNING - No options data available, initializing...
2026-01-23 18:46:05 - market_data.adapters.zerodha_options_chain - INFO - Initializing ZerodhaOptionsChainAdapter for BANKNIFTY26JANFUT
2026-01-23 18:46:05 - market_data.adapters.zerodha_options_chain - INFO - Downloading NFO instruments...
2026-01-23 18:46:09 - market_data.adapters.zerodha_options_chain - INFO - Loaded 47906 NFO instruments
2026-01-23 18:46:09 - market_data.adapters.zerodha_options_chain - INFO - Filtered 0 BANKNIFTY26JANFUT options
2026-01-23 18:46:09 - market_data.adapters.zerodha_options_chain - INFO - Retrieved last prices for 276 option contracts
2026-01-23 18:46:09 - market_data.adapters.zerodha_options_chain - INFO - Using underlying price 58473.1 for BANKNIFTY
2026-01-23 18:46:12 - market_data.adapters.zerodha_options_chain - INFO - Initializing ZerodhaOptionsChainAdapter for BANKNIFTY26JANFUT
2026-01-23 18:46:12 - market_data.adapters.zerodha_options_chain - INFO - Downloading NFO instruments...
2026-01-23 18:46:17 - market_data.adapters.zerodha_options_chain - INFO - Loaded 47906 NFO instruments
2026-01-23 18:46:17 - market_data.adapters.zerodha_options_chain - INFO - Filtered 0 BANKNIFTY26JANFUT options
2026-01-23 18:46:17 - market_data.adapters.zerodha_options_chain - WARNING - No options data available, initializing...
2026-01-23 18:46:17 - market_data.adapters.zerodha_options_chain - INFO - Initializing ZerodhaOptionsChainAdapter for BANKNIFTY26JANFUT
2026-01-23 18:46:17 - market_data.adapters.zerodha_options_chain - INFO - Downloading NFO instruments...
2026-01-23 18:46:22 - market_data.adapters.zerodha_options_chain - INFO - Loaded 47906 NFO instruments
2026-01-23 18:46:22 - market_data.adapters.zerodha_options_chain - INFO - Filtered 0 BANKNIFTY26JANFUT options
2026-01-23 18:46:23 - market_data.adapters.zerodha_options_chain - INFO - Retrieved last prices for 276 option contracts
2026-01-23 18:46:23 - market_data.adapters.zerodha_options_chain - INFO - Using underlying price 58473.1 for BANKNIFTY
2026-01-23 18:46:27 - market_data.adapters.zerodha_options_chain - INFO - Initializing ZerodhaOptionsChainAdapter for BANKNIFTY26JANFUT
2026-01-23 18:46:27 - market_data.adapters.zerodha_options_chain - INFO - Downloading NFO instruments...
2026-01-23 18:46:35 - market_data.adapters.zerodha_options_chain - INFO - Loaded 47906 NFO instruments
2026-01-23 18:46:35 - market_data.adapters.zerodha_options_chain - INFO - Filtered 0 BANKNIFTY26JANFUT options
2026-01-23 18:46:35 - market_data.adapters.zerodha_options_chain - WARNING - No options data available, initializing...
2026-01-23 18:46:35 - market_data.adapters.zerodha_options_chain - INFO - Initializing ZerodhaOptionsChainAdapter for BANKNIFTY26JANFUT
2026-01-23 18:46:35 - market_data.adapters.zerodha_options_chain - INFO - Downloading NFO instruments...
2026-01-23 18:46:42 - market_data.adapters.zerodha_options_chain - INFO - Loaded 47906 NFO instruments
2026-01-23 18:46:42 - market_data.adapters.zerodha_options_chain - INFO - Filtered 0 BANKNIFTY26JANFUT options
2026-01-23 18:46:42 - market_data.adapters.zerodha_options_chain - INFO - Retrieved last prices for 276 option contracts
2026-01-23 18:46:42 - market_data.adapters.zerodha_options_chain - INFO - Using underlying price 58473.1 for BANKNIFTY
2026-01-23 18:57:10 - market_data.tools.kite_auth_service - INFO - Token validated successfully for user: BV2032
2026-01-23 18:57:13 - market_data.adapters.redis_store - INFO - MarketStore: Detected BACKTEST mode (run_id: bt_2026-01-07_zerodha)
2026-01-23 18:57:15 - market_data.adapters.redis_store - INFO - Initialized technical indicators for BANKNIFTY26JANFUT with 100 OHLC bars
2026-01-23 18:57:16 - market_data.adapters.redis_store - INFO - Initialized technical indicators for BANKNIFTY with 100 OHLC bars
2026-01-23 18:57:16 - market_data.adapters.redis_store - INFO - Technical indicators service initialized in MarketStore (BACKTEST mode)
2026-01-23 18:57:16 - market_data.adapters.redis_store - INFO - MarketStore: Detected BACKTEST mode (run_id: bt_2026-01-07_zerodha)
2026-01-23 18:57:18 - market_data.adapters.redis_store - INFO - Initialized technical indicators for BANKNIFTY26JANFUT with 100 OHLC bars
2026-01-23 18:57:19 - market_data.adapters.redis_store - INFO - Initialized technical indicators for BANKNIFTY with 100 OHLC bars
2026-01-23 18:57:19 - market_data.adapters.redis_store - INFO - Technical indicators service initialized in MarketStore (BACKTEST mode)
2026-01-23 18:59:06 - market_data.circuit_breaker - INFO - Registered fallback for service: redis_get
2026-01-23 18:59:06 - market_data.circuit_breaker - INFO - Registered fallback for service: redis_set
2026-01-23 18:59:06 - market_data.circuit_breaker - INFO - Registered fallback for service: market_data_api
2026-01-23 18:59:07 - market_data.adapters.redis_store - INFO - MarketStore: Detected BACKTEST mode (run_id: bt_2026-01-07_zerodha)
2026-01-23 18:59:08 - market_data.adapters.redis_store - INFO - Initialized technical indicators for BANKNIFTY with 100 OHLC bars
2026-01-23 18:59:09 - market_data.adapters.redis_store - INFO - Initialized technical indicators for BANKNIFTY26JANFUT with 100 OHLC bars
2026-01-23 18:59:09 - market_data.adapters.redis_store - INFO - Technical indicators service initialized in MarketStore (BACKTEST mode)
2026-01-23 18:59:10 - market_data.adapters.zerodha_options_chain - INFO - Initializing ZerodhaOptionsChainAdapter for BANKNIFTY26JANFUT
2026-01-23 18:59:10 - market_data.adapters.zerodha_options_chain - INFO - Downloading NFO instruments...
2026-01-23 18:59:22 - market_data.adapters.zerodha_options_chain - INFO - Loaded 47906 NFO instruments
2026-01-23 18:59:22 - market_data.adapters.zerodha_options_chain - INFO - Filtered 0 BANKNIFTY26JANFUT options
2026-01-23 18:59:22 - market_data.adapters.zerodha_options_chain - WARNING - No options data available, initializing...
2026-01-23 18:59:22 - market_data.adapters.zerodha_options_chain - INFO - Initializing ZerodhaOptionsChainAdapter for BANKNIFTY26JANFUT
2026-01-23 18:59:22 - market_data.adapters.zerodha_options_chain - INFO - Downloading NFO instruments...
2026-01-23 18:59:27 - market_data.adapters.zerodha_options_chain - INFO - Loaded 47906 NFO instruments
2026-01-23 18:59:27 - market_data.adapters.zerodha_options_chain - INFO - Filtered 0 BANKNIFTY26JANFUT options
2026-01-23 18:59:49 - market_data.adapters.zerodha_options_chain - INFO - Initializing ZerodhaOptionsChainAdapter for BANKNIFTY26JANFUT
2026-01-23 18:59:49 - market_data.adapters.zerodha_options_chain - INFO - Downloading NFO instruments...
2026-01-23 18:59:57 - market_data.adapters.zerodha_options_chain - INFO - Loaded 47906 NFO instruments
2026-01-23 18:59:57 - market_data.adapters.zerodha_options_chain - INFO - Filtered 0 BANKNIFTY26JANFUT options
2026-01-23 18:59:57 - market_data.adapters.zerodha_options_chain - WARNING - No options data available, initializing...
2026-01-23 18:59:57 - market_data.adapters.zerodha_options_chain - INFO - Initializing ZerodhaOptionsChainAdapter for BANKNIFTY26JANFUT
2026-01-23 18:59:57 - market_data.adapters.zerodha_options_chain - INFO - Downloading NFO instruments...
2026-01-23 19:00:02 - market_data.adapters.zerodha_options_chain - INFO - Loaded 47906 NFO instruments
2026-01-23 19:00:02 - market_data.adapters.zerodha_options_chain - INFO - Filtered 0 BANKNIFTY26JANFUT options
2026-01-23 19:00:03 - market_data.adapters.zerodha_options_chain - INFO - Initializing ZerodhaOptionsChainAdapter for BANKNIFTY26JANFUT
2026-01-23 19:00:03 - market_data.adapters.zerodha_options_chain - INFO - Downloading NFO instruments...
2026-01-23 19:00:11 - market_data.adapters.zerodha_options_chain - INFO - Loaded 47906 NFO instruments
2026-01-23 19:00:11 - market_data.adapters.zerodha_options_chain - INFO - Filtered 0 BANKNIFTY26JANFUT options
2026-01-23 19:00:11 - market_data.adapters.zerodha_options_chain - WARNING - No options data available, initializing...
2026-01-23 19:00:11 - market_data.adapters.zerodha_options_chain - INFO - Initializing ZerodhaOptionsChainAdapter for BANKNIFTY26JANFUT
2026-01-23 19:00:11 - market_data.adapters.zerodha_options_chain - INFO - Downloading NFO instruments...
2026-01-23 19:00:16 - market_data.adapters.zerodha_options_chain - INFO - Loaded 47906 NFO instruments
2026-01-23 19:00:16 - market_data.adapters.zerodha_options_chain - INFO - Filtered 0 BANKNIFTY26JANFUT options
2026-01-23 19:00:23 - market_data.adapters.zerodha_options_chain - INFO - Initializing ZerodhaOptionsChainAdapter for BANKNIFTY26JANFUT
2026-01-23 19:00:23 - market_data.adapters.zerodha_options_chain - INFO - Downloading NFO instruments...
2026-01-23 19:00:29 - market_data.adapters.zerodha_options_chain - INFO - Loaded 47906 NFO instruments
2026-01-23 19:00:29 - market_data.adapters.zerodha_options_chain - INFO - Filtered 0 BANKNIFTY26JANFUT options
2026-01-23 19:00:29 - market_data.adapters.zerodha_options_chain - WARNING - No options data available, initializing...
2026-01-23 19:00:29 - market_data.adapters.zerodha_options_chain - INFO - Initializing ZerodhaOptionsChainAdapter for BANKNIFTY26JANFUT
2026-01-23 19:00:29 - market_data.adapters.zerodha_options_chain - INFO - Downloading NFO instruments...
2026-01-23 19:00:38 - market_data.adapters.zerodha_options_chain - INFO - Loaded 47906 NFO instruments
2026-01-23 19:00:38 - market_data.adapters.zerodha_options_chain - INFO - Filtered 0 BANKNIFTY26JANFUT options
2026-01-23 19:00:47 - market_data.adapters.zerodha_options_chain - INFO - Initializing ZerodhaOptionsChainAdapter for BANKNIFTY26JANFUT
2026-01-23 19:00:47 - market_data.adapters.zerodha_options_chain - INFO - Downloading NFO instruments...
2026-01-23 19:00:52 - market_data.adapters.zerodha_options_chain - INFO - Loaded 47906 NFO instruments
2026-01-23 19:00:52 - market_data.adapters.zerodha_options_chain - INFO - Filtered 0 BANKNIFTY26JANFUT options
2026-01-23 19:00:52 - market_data.adapters.zerodha_options_chain - WARNING - No options data available, initializing...
2026-01-23 19:00:52 - market_data.adapters.zerodha_options_chain - INFO - Initializing ZerodhaOptionsChainAdapter for BANKNIFTY26JANFUT
2026-01-23 19:00:52 - market_data.adapters.zerodha_options_chain - INFO - Downloading NFO instruments...
2026-01-23 19:00:57 - market_data.adapters.zerodha_options_chain - INFO - Loaded 47906 NFO instruments
2026-01-23 19:00:57 - market_data.adapters.zerodha_options_chain - INFO - Filtered 0 BANKNIFTY26JANFUT options
2026-01-23 19:01:02 - market_data.adapters.zerodha_options_chain - INFO - Initializing ZerodhaOptionsChainAdapter for BANKNIFTY26JANFUT
2026-01-23 19:01:02 - market_data.adapters.zerodha_options_chain - INFO - Downloading NFO instruments...
2026-01-23 19:01:07 - market_data.adapters.zerodha_options_chain - INFO - Loaded 47906 NFO instruments
2026-01-23 19:01:07 - market_data.adapters.zerodha_options_chain - INFO - Filtered 0 BANKNIFTY26JANFUT options
2026-01-23 19:01:07 - market_data.adapters.zerodha_options_chain - WARNING - No options data available, initializing...
2026-01-23 19:01:07 - market_data.adapters.zerodha_options_chain - INFO - Initializing ZerodhaOptionsChainAdapter for BANKNIFTY26JANFUT
2026-01-23 19:01:07 - market_data.adapters.zerodha_options_chain - INFO - Downloading NFO instruments...
2026-01-23 19:01:11 - market_data.adapters.zerodha_options_chain - INFO - Loaded 47906 NFO instruments
2026-01-23 19:01:12 - market_data.adapters.zerodha_options_chain - INFO - Filtered 0 BANKNIFTY26JANFUT options
2026-01-23 19:01:17 - market_data.adapters.zerodha_options_chain - INFO - Initializing ZerodhaOptionsChainAdapter for BANKNIFTY26JANFUT
2026-01-23 19:01:17 - market_data.adapters.zerodha_options_chain - INFO - Downloading NFO instruments...
2026-01-23 19:01:23 - market_data.adapters.zerodha_options_chain - INFO - Loaded 47906 NFO instruments
2026-01-23 19:01:23 - market_data.adapters.zerodha_options_chain - INFO - Filtered 0 BANKNIFTY26JANFUT options
2026-01-23 19:01:23 - market_data.adapters.zerodha_options_chain - WARNING - No options data available, initializing...
2026-01-23 19:01:23 - market_data.adapters.zerodha_options_chain - INFO - Initializing ZerodhaOptionsChainAdapter for BANKNIFTY26JANFUT
2026-01-23 19:01:23 - market_data.adapters.zerodha_options_chain - INFO - Downloading NFO instruments...
2026-01-23 19:01:27 - market_data.adapters.zerodha_options_chain - INFO - Loaded 47906 NFO instruments
2026-01-23 19:01:27 - market_data.adapters.zerodha_options_chain - INFO - Filtered 0 BANKNIFTY26JANFUT options
2026-01-23 19:01:32 - market_data.adapters.zerodha_options_chain - INFO - Initializing ZerodhaOptionsChainAdapter for BANKNIFTY26JANFUT
2026-01-23 19:01:32 - market_data.adapters.zerodha_options_chain - INFO - Downloading NFO instruments...
2026-01-23 19:01:37 - market_data.adapters.zerodha_options_chain - INFO - Loaded 47906 NFO instruments
2026-01-23 19:01:37 - market_data.adapters.zerodha_options_chain - INFO - Filtered 0 BANKNIFTY26JANFUT options
2026-01-23 19:01:37 - market_data.adapters.zerodha_options_chain - WARNING - No options data available, initializing...
2026-01-23 19:01:37 - market_data.adapters.zerodha_options_chain - INFO - Initializing ZerodhaOptionsChainAdapter for BANKNIFTY26JANFUT
2026-01-23 19:01:37 - market_data.adapters.zerodha_options_chain - INFO - Downloading NFO instruments...
2026-01-23 19:01:40 - market_data.adapters.zerodha_options_chain - INFO - Loaded 47906 NFO instruments
2026-01-23 19:01:40 - market_data.adapters.zerodha_options_chain - INFO - Filtered 0 BANKNIFTY26JANFUT options
2026-01-23 19:01:45 - market_data.adapters.zerodha_options_chain - INFO - Initializing ZerodhaOptionsChainAdapter for BANKNIFTY26JANFUT
2026-01-23 19:01:45 - market_data.adapters.zerodha_options_chain - INFO - Downloading NFO instruments...
2026-01-23 19:01:49 - market_data.adapters.zerodha_options_chain - INFO - Loaded 47906 NFO instruments
2026-01-23 19:01:49 - market_data.adapters.zerodha_options_chain - INFO - Filtered 0 BANKNIFTY26JANFUT options
2026-01-23 19:01:49 - market_data.adapters.zerodha_options_chain - WARNING - No options data available, initializing...
2026-01-23 19:01:49 - market_data.adapters.zerodha_options_chain - INFO - Initializing ZerodhaOptionsChainAdapter for BANKNIFTY26JANFUT
2026-01-23 19:01:49 - market_data.adapters.zerodha_options_chain - INFO - Downloading NFO instruments...
2026-01-23 19:01:52 - market_data.adapters.zerodha_options_chain - INFO - Loaded 47906 NFO instruments
2026-01-23 19:01:52 - market_data.adapters.zerodha_options_chain - INFO - Filtered 0 BANKNIFTY26JANFUT options
2026-01-23 19:01:57 - market_data.adapters.zerodha_options_chain - INFO - Initializing ZerodhaOptionsChainAdapter for BANKNIFTY26JANFUT
2026-01-23 19:01:57 - market_data.adapters.zerodha_options_chain - INFO - Downloading NFO instruments...
2026-01-23 19:02:01 - market_data.adapters.zerodha_options_chain - INFO - Loaded 47906 NFO instruments
2026-01-23 19:02:01 - market_data.adapters.zerodha_options_chain - INFO - Filtered 0 BANKNIFTY26JANFUT options
2026-01-23 19:02:01 - market_data.adapters.zerodha_options_chain - WARNING - No options data available, initializing...
2026-01-23 19:02:01 - market_data.adapters.zerodha_options_chain - INFO - Initializing ZerodhaOptionsChainAdapter for BANKNIFTY26JANFUT
2026-01-23 19:02:01 - market_data.adapters.zerodha_options_chain - INFO - Downloading NFO instruments...
2026-01-23 19:02:04 - market_data.adapters.zerodha_options_chain - INFO - Loaded 47906 NFO instruments
2026-01-23 19:02:04 - market_data.adapters.zerodha_options_chain - INFO - Filtered 0 BANKNIFTY26JANFUT options
2026-01-23 19:02:08 - market_data.adapters.zerodha_options_chain - INFO - Initializing ZerodhaOptionsChainAdapter for BANKNIFTY26JANFUT
2026-01-23 19:02:08 - market_data.adapters.zerodha_options_chain - INFO - Downloading NFO instruments...
2026-01-23 19:02:14 - market_data.adapters.zerodha_options_chain - INFO - Loaded 47906 NFO instruments
2026-01-23 19:02:14 - market_data.adapters.zerodha_options_chain - INFO - Filtered 0 BANKNIFTY26JANFUT options
2026-01-23 19:02:14 - market_data.adapters.zerodha_options_chain - WARNING - No options data available, initializing...
2026-01-23 19:02:14 - market_data.adapters.zerodha_options_chain - INFO - Initializing ZerodhaOptionsChainAdapter for BANKNIFTY26JANFUT
2026-01-23 19:02:14 - market_data.adapters.zerodha_options_chain - INFO - Downloading NFO instruments...
2026-01-23 19:02:18 - market_data.adapters.zerodha_options_chain - INFO - Loaded 47906 NFO instruments
2026-01-23 19:02:18 - market_data.adapters.zerodha_options_chain - INFO - Filtered 0 BANKNIFTY26JANFUT options
2026-01-23 19:02:28 - market_data.adapters.zerodha_options_chain - INFO - Initializing ZerodhaOptionsChainAdapter for BANKNIFTY26JANFUT
2026-01-23 19:02:28 - market_data.adapters.zerodha_options_chain - INFO - Downloading NFO instruments...
2026-01-23 19:02:35 - market_data.adapters.zerodha_options_chain - INFO - Loaded 47906 NFO instruments
2026-01-23 19:02:35 - market_data.adapters.zerodha_options_chain - INFO - Filtered 0 BANKNIFTY26JANFUT options
2026-01-23 19:02:35 - market_data.adapters.zerodha_options_chain - WARNING - No options data available, initializing...
2026-01-23 19:02:35 - market_data.adapters.zerodha_options_chain - INFO - Initializing ZerodhaOptionsChainAdapter for BANKNIFTY26JANFUT
2026-01-23 19:02:35 - market_data.adapters.zerodha_options_chain - INFO - Downloading NFO instruments...
2026-01-23 19:02:41 - market_data.adapters.zerodha_options_chain - INFO - Loaded 47906 NFO instruments
2026-01-23 19:02:41 - market_data.adapters.zerodha_options_chain - INFO - Filtered 0 BANKNIFTY26JANFUT options
2026-01-23 19:02:49 - market_data.adapters.zerodha_options_chain - INFO - Initializing ZerodhaOptionsChainAdapter for BANKNIFTY26JANFUT
2026-01-23 19:02:49 - market_data.adapters.zerodha_options_chain - INFO - Downloading NFO instruments...
2026-01-23 19:03:03 - market_data.adapters.zerodha_options_chain - INFO - Loaded 47906 NFO instruments
2026-01-23 19:03:03 - market_data.adapters.zerodha_options_chain - INFO - Filtered 0 BANKNIFTY26JANFUT options
2026-01-23 19:03:03 - market_data.adapters.zerodha_options_chain - WARNING - No options data available, initializing...
2026-01-23 19:03:03 - market_data.adapters.zerodha_options_chain - INFO - Initializing ZerodhaOptionsChainAdapter for BANKNIFTY26JANFUT
2026-01-23 19:03:03 - market_data.adapters.zerodha_options_chain - INFO - Downloading NFO instruments...
2026-01-23 19:03:15 - market_data.adapters.zerodha_options_chain - INFO - Loaded 47906 NFO instruments
2026-01-23 19:03:15 - market_data.adapters.zerodha_options_chain - INFO - Filtered 0 BANKNIFTY26JANFUT options
2026-01-23 19:03:37 - market_data.adapters.zerodha_options_chain - INFO - Initializing ZerodhaOptionsChainAdapter for BANKNIFTY26JANFUT
2026-01-23 19:03:37 - market_data.adapters.zerodha_options_chain - INFO - Downloading NFO instruments...
2026-01-23 19:04:01 - market_data.adapters.zerodha_options_chain - INFO - Loaded 47906 NFO instruments
2026-01-23 19:04:01 - market_data.adapters.zerodha_options_chain - INFO - Filtered 0 BANKNIFTY26JANFUT options
2026-01-23 19:04:01 - market_data.adapters.zerodha_options_chain - WARNING - No options data available, initializing...
2026-01-23 19:04:01 - market_data.adapters.zerodha_options_chain - INFO - Initializing ZerodhaOptionsChainAdapter for BANKNIFTY26JANFUT
2026-01-23 19:04:01 - market_data.adapters.zerodha_options_chain - INFO - Downloading NFO instruments...
2026-01-23 19:04:18 - market_data.adapters.zerodha_options_chain - INFO - Loaded 47906 NFO instruments
2026-01-23 19:04:18 - market_data.adapters.zerodha_options_chain - INFO - Filtered 0 BANKNIFTY26JANFUT options
2026-01-23 19:04:42 - market_data.adapters.zerodha_options_chain - INFO - Initializing ZerodhaOptionsChainAdapter for BANKNIFTY26JANFUT
2026-01-23 19:04:42 - market_data.adapters.zerodha_options_chain - INFO - Downloading NFO instruments...
2026-01-23 19:05:01 - market_data.adapters.zerodha_options_chain - INFO - Loaded 47906 NFO instruments
2026-01-23 19:05:01 - market_data.adapters.zerodha_options_chain - INFO - Filtered 0 BANKNIFTY26JANFUT options
2026-01-23 19:05:01 - market_data.adapters.zerodha_options_chain - WARNING - No options data available, initializing...
2026-01-23 19:05:01 - market_data.adapters.zerodha_options_chain - INFO - Initializing ZerodhaOptionsChainAdapter for BANKNIFTY26JANFUT
2026-01-23 19:05:01 - market_data.adapters.zerodha_options_chain - INFO - Downloading NFO instruments...
2026-01-23 19:05:12 - market_data.adapters.zerodha_options_chain - INFO - Loaded 47906 NFO instruments
2026-01-23 19:05:13 - market_data.adapters.zerodha_options_chain - INFO - Filtered 0 BANKNIFTY26JANFUT options
2026-01-23 19:06:25 - market_data.adapters.zerodha_options_chain - INFO - Initializing ZerodhaOptionsChainAdapter for BANKNIFTY26JANFUT
2026-01-23 19:06:25 - market_data.adapters.zerodha_options_chain - INFO - Downloading NFO instruments...
2026-01-23 19:07:04 - market_data.adapters.zerodha_options_chain - INFO - Loaded 47906 NFO instruments
2026-01-23 19:07:04 - market_data.adapters.zerodha_options_chain - INFO - Filtered 0 BANKNIFTY26JANFUT options
2026-01-23 19:07:04 - market_data.adapters.zerodha_options_chain - WARNING - No options data available, initializing...
2026-01-23 19:07:04 - market_data.adapters.zerodha_options_chain - INFO - Initializing ZerodhaOptionsChainAdapter for BANKNIFTY26JANFUT
2026-01-23 19:07:04 - market_data.adapters.zerodha_options_chain - INFO - Downloading NFO instruments...
2026-01-23 19:07:21 - market_data.adapters.zerodha_options_chain - INFO - Loaded 47906 NFO instruments
2026-01-23 19:07:21 - market_data.adapters.zerodha_options_chain - INFO - Filtered 0 BANKNIFTY26JANFUT options
2026-01-23 19:07:22 - market_data.adapters.zerodha_options_chain - INFO - Retrieved last prices for 276 option contracts
2026-01-23 19:07:22 - market_data.adapters.zerodha_options_chain - INFO - Using underlying price 58473.1 for BANKNIFTY
2026-01-23 19:07:30 - market_data.adapters.zerodha_options_chain - INFO - Initializing ZerodhaOptionsChainAdapter for BANKNIFTY26JANFUT
2026-01-23 19:07:30 - market_data.adapters.zerodha_options_chain - INFO - Downloading NFO instruments...
2026-01-23 19:08:00 - market_data.adapters.zerodha_options_chain - INFO - Loaded 47906 NFO instruments
2026-01-23 19:08:00 - market_data.adapters.zerodha_options_chain - INFO - Filtered 0 BANKNIFTY26JANFUT options
2026-01-23 19:08:00 - market_data.adapters.zerodha_options_chain - WARNING - No options data available, initializing...
2026-01-23 19:08:00 - market_data.adapters.zerodha_options_chain - INFO - Initializing ZerodhaOptionsChainAdapter for BANKNIFTY26JANFUT
2026-01-23 19:08:00 - market_data.adapters.zerodha_options_chain - INFO - Downloading NFO instruments...
2026-01-23 19:08:23 - market_data.adapters.zerodha_options_chain - INFO - Loaded 47906 NFO instruments
2026-01-23 19:08:23 - market_data.adapters.zerodha_options_chain - INFO - Filtered 0 BANKNIFTY26JANFUT options
2026-01-23 19:08:23 - market_data.adapters.zerodha_options_chain - INFO - Retrieved last prices for 276 option contracts
2026-01-23 19:08:23 - market_data.adapters.zerodha_options_chain - INFO - Using underlying price 58473.1 for BANKNIFTY
2026-01-23 19:08:30 - market_data.adapters.zerodha_options_chain - INFO - Initializing ZerodhaOptionsChainAdapter for BANKNIFTY26JANFUT
2026-01-23 19:08:30 - market_data.adapters.zerodha_options_chain - INFO - Downloading NFO instruments...
2026-01-23 19:08:42 - market_data.adapters.zerodha_options_chain - INFO - Loaded 47906 NFO instruments
2026-01-23 19:08:42 - market_data.adapters.zerodha_options_chain - INFO - Filtered 0 BANKNIFTY26JANFUT options
2026-01-23 19:08:42 - market_data.adapters.zerodha_options_chain - WARNING - No options data available, initializing...
2026-01-23 19:08:42 - market_data.adapters.zerodha_options_chain - INFO - Initializing ZerodhaOptionsChainAdapter for BANKNIFTY26JANFUT
2026-01-23 19:08:42 - market_data.adapters.zerodha_options_chain - INFO - Downloading NFO instruments...
2026-01-23 19:09:25 - market_data.adapters.zerodha_options_chain - INFO - Loaded 47906 NFO instruments
2026-01-23 19:09:26 - market_data.adapters.zerodha_options_chain - INFO - Filtered 0 BANKNIFTY26JANFUT options
2026-01-23 19:09:29 - market_data.adapters.zerodha_options_chain - INFO - Retrieved last prices for 276 option contracts
2026-01-23 19:09:30 - market_data.adapters.zerodha_options_chain - INFO - Using underlying price 58473.1 for BANKNIFTY
2026-01-23 19:11:40 - market_data.adapters.zerodha_options_chain - INFO - Initializing ZerodhaOptionsChainAdapter for BANKNIFTY26JANFUT
2026-01-23 19:11:40 - market_data.adapters.zerodha_options_chain - INFO - Downloading NFO instruments...
2026-01-23 19:11:48 - market_data.adapters.zerodha_options_chain - INFO - Loaded 47906 NFO instruments
2026-01-23 19:11:48 - market_data.adapters.zerodha_options_chain - INFO - Filtered 0 BANKNIFTY26JANFUT options
2026-01-23 19:11:48 - market_data.adapters.zerodha_options_chain - WARNING - No options data available, initializing...
2026-01-23 19:11:48 - market_data.adapters.zerodha_options_chain - INFO - Initializing ZerodhaOptionsChainAdapter for BANKNIFTY26JANFUT
2026-01-23 19:11:48 - market_data.adapters.zerodha_options_chain - INFO - Downloading NFO instruments...
2026-01-23 19:11:56 - market_data.adapters.zerodha_options_chain - INFO - Loaded 47906 NFO instruments
2026-01-23 19:11:56 - market_data.adapters.zerodha_options_chain - INFO - Filtered 0 BANKNIFTY26JANFUT options
2026-01-23 19:11:57 - market_data.adapters.zerodha_options_chain - INFO - Retrieved last prices for 276 option contracts
2026-01-23 19:11:57 - market_data.adapters.zerodha_options_chain - INFO - Using underlying price 58473.1 for BANKNIFTY
2026-01-23 19:24:43 - market_data.adapters.zerodha_options_chain - INFO - Initializing ZerodhaOptionsChainAdapter for BANKNIFTY26JANFUT
2026-01-23 19:24:44 - market_data.adapters.zerodha_options_chain - INFO - Downloading NFO instruments...
2026-01-23 19:24:52 - market_data.adapters.zerodha_options_chain - INFO - Loaded 47906 NFO instruments
2026-01-23 19:24:52 - market_data.adapters.zerodha_options_chain - INFO - Filtered 0 BANKNIFTY26JANFUT options
2026-01-23 19:24:52 - market_data.adapters.zerodha_options_chain - WARNING - No options data available, initializing...
2026-01-23 19:24:52 - market_data.adapters.zerodha_options_chain - INFO - Initializing ZerodhaOptionsChainAdapter for BANKNIFTY26JANFUT
2026-01-23 19:24:52 - market_data.adapters.zerodha_options_chain - INFO - Downloading NFO instruments...
2026-01-23 19:25:02 - market_data.adapters.zerodha_options_chain - INFO - Loaded 47906 NFO instruments
2026-01-23 19:25:02 - market_data.adapters.zerodha_options_chain - INFO - Filtered 0 BANKNIFTY26JANFUT options
2026-01-23 19:25:12 - market_data.adapters.zerodha_options_chain - INFO - Initializing ZerodhaOptionsChainAdapter for BANKNIFTY26JANFUT
2026-01-23 19:25:12 - market_data.adapters.zerodha_options_chain - INFO - Downloading NFO instruments...
2026-01-23 19:25:27 - market_data.adapters.zerodha_options_chain - INFO - Loaded 47906 NFO instruments
2026-01-23 19:25:27 - market_data.adapters.zerodha_options_chain - INFO - Filtered 0 BANKNIFTY26JANFUT options
2026-01-23 19:25:27 - market_data.adapters.zerodha_options_chain - WARNING - No options data available, initializing...
2026-01-23 19:25:27 - market_data.adapters.zerodha_options_chain - INFO - Initializing ZerodhaOptionsChainAdapter for BANKNIFTY26JANFUT
2026-01-23 19:25:27 - market_data.adapters.zerodha_options_chain - INFO - Downloading NFO instruments...
2026-01-23 19:25:36 - market_data.adapters.zerodha_options_chain - INFO - Loaded 47906 NFO instruments
2026-01-23 19:25:36 - market_data.adapters.zerodha_options_chain - INFO - Filtered 0 BANKNIFTY26JANFUT options
2026-01-23 19:25:36 - market_data.adapters.zerodha_options_chain - INFO - Retrieved last prices for 276 option contracts
2026-01-23 19:25:36 - market_data.adapters.zerodha_options_chain - INFO - Using underlying price 58473.1 for BANKNIFTY
2026-01-23 19:26:53 - market_data.adapters.zerodha_options_chain - INFO - Initializing ZerodhaOptionsChainAdapter for BANKNIFTY26JANFUT
2026-01-23 19:26:53 - market_data.adapters.zerodha_options_chain - INFO - Downloading NFO instruments...
2026-01-23 19:27:01 - market_data.adapters.zerodha_options_chain - INFO - Loaded 47906 NFO instruments
2026-01-23 19:27:01 - market_data.adapters.zerodha_options_chain - INFO - Filtered 0 BANKNIFTY26JANFUT options
2026-01-23 19:27:01 - market_data.adapters.zerodha_options_chain - WARNING - No options data available, initializing...
2026-01-23 19:27:01 - market_data.adapters.zerodha_options_chain - INFO - Initializing ZerodhaOptionsChainAdapter for BANKNIFTY26JANFUT
2026-01-23 19:27:01 - market_data.adapters.zerodha_options_chain - INFO - Downloading NFO instruments...
2026-01-23 19:27:09 - market_data.adapters.zerodha_options_chain - INFO - Loaded 47906 NFO instruments
2026-01-23 19:27:09 - market_data.adapters.zerodha_options_chain - INFO - Filtered 0 BANKNIFTY26JANFUT options
2026-01-23 19:27:10 - market_data.adapters.zerodha_options_chain - INFO - Retrieved last prices for 276 option contracts
2026-01-23 19:27:10 - market_data.adapters.zerodha_options_chain - INFO - Using underlying price 58473.1 for BANKNIFTY
2026-01-23 19:27:15 - market_data.adapters.zerodha_options_chain - INFO - Initializing ZerodhaOptionsChainAdapter for BANKNIFTY26JANFUT
2026-01-23 19:27:15 - market_data.adapters.zerodha_options_chain - INFO - Downloading NFO instruments...
2026-01-23 19:27:20 - market_data.adapters.zerodha_options_chain - INFO - Loaded 47906 NFO instruments
2026-01-23 19:27:20 - market_data.adapters.zerodha_options_chain - INFO - Filtered 0 BANKNIFTY26JANFUT options
2026-01-23 19:27:20 - market_data.adapters.zerodha_options_chain - WARNING - No options data available, initializing...
2026-01-23 19:27:20 - market_data.adapters.zerodha_options_chain - INFO - Initializing ZerodhaOptionsChainAdapter for BANKNIFTY26JANFUT
2026-01-23 19:27:20 - market_data.adapters.zerodha_options_chain - INFO - Downloading NFO instruments...
2026-01-23 19:27:26 - market_data.adapters.zerodha_options_chain - INFO - Loaded 47906 NFO instruments
2026-01-23 19:27:26 - market_data.adapters.zerodha_options_chain - INFO - Filtered 0 BANKNIFTY26JANFUT options
2026-01-23 19:27:26 - market_data.adapters.zerodha_options_chain - INFO - Retrieved last prices for 276 option contracts
2026-01-23 19:27:26 - market_data.adapters.zerodha_options_chain - INFO - Using underlying price 58473.1 for BANKNIFTY
2026-01-23 19:48:16 - market_data.tools.kite_auth_service - INFO - Token validated successfully for user: BV2032
2026-01-23 19:48:19 - market_data.adapters.redis_store - INFO - MarketStore: Detected BACKTEST mode (run_id: bt_2026-01-07_zerodha)
2026-01-23 19:48:25 - market_data.adapters.redis_store - INFO - Initialized technical indicators for BANKNIFTY26JANFUT with 100 OHLC bars
2026-01-23 19:48:27 - market_data.adapters.redis_store - INFO - Initialized technical indicators for BANKNIFTY with 100 OHLC bars
2026-01-23 19:48:27 - market_data.adapters.redis_store - INFO - Technical indicators service initialized in MarketStore (BACKTEST mode)
2026-01-23 19:48:27 - market_data.adapters.redis_store - INFO - MarketStore: Detected BACKTEST mode (run_id: bt_2026-01-07_zerodha)
2026-01-23 19:48:29 - market_data.adapters.redis_store - INFO - Initialized technical indicators for BANKNIFTY26JANFUT with 100 OHLC bars
2026-01-23 19:48:31 - market_data.adapters.redis_store - INFO - Initialized technical indicators for BANKNIFTY with 100 OHLC bars
2026-01-23 19:48:31 - market_data.adapters.redis_store - INFO - Technical indicators service initialized in MarketStore (BACKTEST mode)
2026-01-23 19:52:22 - market_data.circuit_breaker - INFO - Registered fallback for service: redis_get
2026-01-23 19:52:22 - market_data.circuit_breaker - INFO - Registered fallback for service: redis_set
2026-01-23 19:52:22 - market_data.circuit_breaker - INFO - Registered fallback for service: market_data_api
2026-01-23 19:52:22 - market_data.adapters.redis_store - INFO - MarketStore: Detected BACKTEST mode (run_id: bt_2026-01-07_zerodha)
2026-01-23 19:52:23 - market_data.adapters.redis_store - INFO - Initialized technical indicators for BANKNIFTY26JANFUT with 100 OHLC bars
2026-01-23 19:52:24 - market_data.adapters.redis_store - INFO - Initialized technical indicators for BANKNIFTY with 100 OHLC bars
2026-01-23 19:52:24 - market_data.adapters.redis_store - INFO - Technical indicators service initialized in MarketStore (BACKTEST mode)
2026-01-23 19:52:24 - market_data.adapters.zerodha_options_chain - INFO - Initializing ZerodhaOptionsChainAdapter for BANKNIFTY26JANFUT
2026-01-23 19:52:24 - market_data.adapters.zerodha_options_chain - INFO - Downloading NFO instruments...
2026-01-23 19:52:31 - market_data.adapters.zerodha_options_chain - INFO - Loaded 47906 NFO instruments
2026-01-23 19:52:31 - market_data.adapters.zerodha_options_chain - INFO - Filtered 0 BANKNIFTY26JANFUT options
2026-01-23 19:52:31 - market_data.adapters.zerodha_options_chain - WARNING - No options data available, initializing...
2026-01-23 19:52:31 - market_data.adapters.zerodha_options_chain - INFO - Initializing ZerodhaOptionsChainAdapter for BANKNIFTY26JANFUT
2026-01-23 19:52:31 - market_data.adapters.zerodha_options_chain - INFO - Downloading NFO instruments...
2026-01-23 19:52:37 - market_data.adapters.zerodha_options_chain - INFO - Loaded 47906 NFO instruments
2026-01-23 19:52:37 - market_data.adapters.zerodha_options_chain - INFO - Filtered 0 BANKNIFTY26JANFUT options
2026-01-23 19:52:38 - market_data.adapters.zerodha_options_chain - INFO - Retrieved last prices for 276 option contracts
2026-01-23 19:52:38 - market_data.adapters.zerodha_options_chain - INFO - Using underlying price 58473.1 for BANKNIFTY
2026-01-23 19:52:45 - market_data.adapters.zerodha_options_chain - INFO - Initializing ZerodhaOptionsChainAdapter for BANKNIFTY26JANFUT
2026-01-23 19:52:45 - market_data.adapters.zerodha_options_chain - INFO - Downloading NFO instruments...
2026-01-23 19:52:50 - market_data.adapters.zerodha_options_chain - INFO - Loaded 47906 NFO instruments
2026-01-23 19:52:50 - market_data.adapters.zerodha_options_chain - INFO - Filtered 0 BANKNIFTY26JANFUT options
2026-01-23 19:52:50 - market_data.adapters.zerodha_options_chain - WARNING - No options data available, initializing...
2026-01-23 19:52:50 - market_data.adapters.zerodha_options_chain - INFO - Initializing ZerodhaOptionsChainAdapter for BANKNIFTY26JANFUT
2026-01-23 19:52:50 - market_data.adapters.zerodha_options_chain - INFO - Downloading NFO instruments...
2026-01-23 19:52:55 - market_data.adapters.zerodha_options_chain - INFO - Loaded 47906 NFO instruments
2026-01-23 19:52:55 - market_data.adapters.zerodha_options_chain - INFO - Filtered 0 BANKNIFTY26JANFUT options
2026-01-23 19:52:56 - market_data.adapters.zerodha_options_chain - INFO - Retrieved last prices for 276 option contracts
2026-01-23 19:52:56 - market_data.adapters.zerodha_options_chain - INFO - Using underlying price 58473.1 for BANKNIFTY
2026-01-23 19:52:59 - market_data.adapters.zerodha_options_chain - INFO - Initializing ZerodhaOptionsChainAdapter for BANKNIFTY26JANFUT
2026-01-23 19:52:59 - market_data.adapters.zerodha_options_chain - INFO - Downloading NFO instruments...
2026-01-23 19:53:04 - market_data.adapters.zerodha_options_chain - INFO - Loaded 47906 NFO instruments
2026-01-23 19:53:04 - market_data.adapters.zerodha_options_chain - INFO - Filtered 0 BANKNIFTY26JANFUT options
2026-01-23 19:53:04 - market_data.adapters.zerodha_options_chain - WARNING - No options data available, initializing...
2026-01-23 19:53:04 - market_data.adapters.zerodha_options_chain - INFO - Initializing ZerodhaOptionsChainAdapter for BANKNIFTY26JANFUT
2026-01-23 19:53:04 - market_data.adapters.zerodha_options_chain - INFO - Downloading NFO instruments...
2026-01-23 19:53:08 - market_data.adapters.zerodha_options_chain - INFO - Loaded 47906 NFO instruments
2026-01-23 19:53:08 - market_data.adapters.zerodha_options_chain - INFO - Filtered 0 BANKNIFTY26JANFUT options
2026-01-23 19:53:08 - market_data.adapters.zerodha_options_chain - INFO - Retrieved last prices for 276 option contracts
2026-01-23 19:53:08 - market_data.adapters.zerodha_options_chain - INFO - Using underlying price 58473.1 for BANKNIFTY
2026-01-23 20:07:35 - market_data.tools.kite_auth_service - INFO - Token validated successfully for user: BV2032
2026-01-23 20:07:38 - market_data.adapters.redis_store - INFO - MarketStore: Detected BACKTEST mode (run_id: bt_2026-01-07_zerodha)
2026-01-23 20:07:41 - market_data.adapters.redis_store - INFO - Initialized technical indicators for BANKNIFTY with 100 OHLC bars
2026-01-23 20:07:43 - market_data.adapters.redis_store - INFO - Initialized technical indicators for BANKNIFTY26JANFUT with 100 OHLC bars
2026-01-23 20:07:43 - market_data.adapters.redis_store - INFO - Technical indicators service initialized in MarketStore (BACKTEST mode)
2026-01-23 20:07:43 - market_data.adapters.redis_store - INFO - MarketStore: Detected BACKTEST mode (run_id: bt_2026-01-07_zerodha)
2026-01-23 20:07:44 - market_data.adapters.redis_store - INFO - Initialized technical indicators for BANKNIFTY with 100 OHLC bars
2026-01-23 20:07:45 - market_data.adapters.redis_store - INFO - Initialized technical indicators for BANKNIFTY26JANFUT with 100 OHLC bars
2026-01-23 20:07:45 - market_data.adapters.redis_store - INFO - Technical indicators service initialized in MarketStore (BACKTEST mode)
2026-01-23 20:10:53 - market_data.circuit_breaker - INFO - Registered fallback for service: redis_get
2026-01-23 20:10:53 - market_data.circuit_breaker - INFO - Registered fallback for service: redis_set
2026-01-23 20:10:53 - market_data.circuit_breaker - INFO - Registered fallback for service: market_data_api
2026-01-23 20:10:53 - market_data.adapters.redis_store - INFO - MarketStore: Detected BACKTEST mode (run_id: bt_2026-01-07_zerodha)
2026-01-23 20:10:54 - market_data.adapters.redis_store - INFO - Initialized technical indicators for BANKNIFTY with 100 OHLC bars
2026-01-23 20:10:54 - market_data.adapters.redis_store - INFO - Initialized technical indicators for BANKNIFTY26JANFUT with 100 OHLC bars
2026-01-23 20:10:54 - market_data.adapters.redis_store - INFO - Technical indicators service initialized in MarketStore (BACKTEST mode)
2026-01-23 20:10:55 - market_data.adapters.zerodha_options_chain - INFO - Initializing ZerodhaOptionsChainAdapter for BANKNIFTY26JANFUT
2026-01-23 20:10:55 - market_data.adapters.zerodha_options_chain - INFO - Downloading NFO instruments...
2026-01-23 20:11:01 - market_data.adapters.zerodha_options_chain - INFO - Loaded 47906 NFO instruments
2026-01-23 20:11:01 - market_data.adapters.zerodha_options_chain - INFO - Filtered 0 BANKNIFTY26JANFUT options
2026-01-23 20:11:01 - market_data.adapters.zerodha_options_chain - WARNING - No options data available, initializing...
2026-01-23 20:11:01 - market_data.adapters.zerodha_options_chain - INFO - Initializing ZerodhaOptionsChainAdapter for BANKNIFTY26JANFUT
2026-01-23 20:11:01 - market_data.adapters.zerodha_options_chain - INFO - Downloading NFO instruments...
2026-01-23 20:11:05 - market_data.adapters.zerodha_options_chain - INFO - Loaded 47906 NFO instruments
2026-01-23 20:11:05 - market_data.adapters.zerodha_options_chain - INFO - Filtered 0 BANKNIFTY26JANFUT options
2026-01-23 20:11:05 - market_data.adapters.zerodha_options_chain - INFO - Retrieved last prices for 276 option contracts
2026-01-23 20:11:05 - market_data.adapters.zerodha_options_chain - INFO - Using underlying price 58473.1 for BANKNIFTY
2026-01-23 20:11:11 - market_data.adapters.zerodha_options_chain - INFO - Initializing ZerodhaOptionsChainAdapter for BANKNIFTY26JANFUT
2026-01-23 20:11:11 - market_data.adapters.zerodha_options_chain - INFO - Downloading NFO instruments...
2026-01-23 20:11:15 - market_data.adapters.zerodha_options_chain - INFO - Loaded 47906 NFO instruments
2026-01-23 20:11:15 - market_data.adapters.zerodha_options_chain - INFO - Filtered 0 BANKNIFTY26JANFUT options
2026-01-23 20:11:15 - market_data.adapters.zerodha_options_chain - WARNING - No options data available, initializing...
2026-01-23 20:11:15 - market_data.adapters.zerodha_options_chain - INFO - Initializing ZerodhaOptionsChainAdapter for BANKNIFTY26JANFUT
2026-01-23 20:11:15 - market_data.adapters.zerodha_options_chain - INFO - Downloading NFO instruments...
2026-01-23 20:11:20 - market_data.adapters.zerodha_options_chain - INFO - Loaded 47906 NFO instruments
2026-01-23 20:11:20 - market_data.adapters.zerodha_options_chain - INFO - Filtered 0 BANKNIFTY26JANFUT options
2026-01-23 20:11:20 - market_data.adapters.zerodha_options_chain - INFO - Retrieved last prices for 276 option contracts
2026-01-23 20:11:20 - market_data.adapters.zerodha_options_chain - INFO - Using underlying price 58473.1 for BANKNIFTY
2026-01-23 20:11:24 - market_data.adapters.zerodha_options_chain - INFO - Initializing ZerodhaOptionsChainAdapter for BANKNIFTY26JANFUT
2026-01-23 20:11:24 - market_data.adapters.zerodha_options_chain - INFO - Downloading NFO instruments...
2026-01-23 20:11:29 - market_data.adapters.zerodha_options_chain - INFO - Loaded 47906 NFO instruments
2026-01-23 20:11:29 - market_data.adapters.zerodha_options_chain - INFO - Filtered 0 BANKNIFTY26JANFUT options
2026-01-23 20:11:29 - market_data.adapters.zerodha_options_chain - WARNING - No options data available, initializing...
2026-01-23 20:11:29 - market_data.adapters.zerodha_options_chain - INFO - Initializing ZerodhaOptionsChainAdapter for BANKNIFTY26JANFUT
2026-01-23 20:11:29 - market_data.adapters.zerodha_options_chain - INFO - Downloading NFO instruments...
2026-01-23 20:11:33 - market_data.adapters.zerodha_options_chain - INFO - Loaded 47906 NFO instruments
2026-01-23 20:11:33 - market_data.adapters.zerodha_options_chain - INFO - Filtered 0 BANKNIFTY26JANFUT options
2026-01-23 20:11:34 - market_data.adapters.zerodha_options_chain - INFO - Retrieved last prices for 276 option contracts
2026-01-23 20:11:34 - market_data.adapters.zerodha_options_chain - INFO - Using underlying price 58473.1 for BANKNIFTY
2026-01-23 20:11:38 - market_data.adapters.zerodha_options_chain - INFO - Initializing ZerodhaOptionsChainAdapter for BANKNIFTY26JANFUT
2026-01-23 20:11:38 - market_data.adapters.zerodha_options_chain - INFO - Downloading NFO instruments...
2026-01-23 20:11:42 - market_data.adapters.zerodha_options_chain - INFO - Loaded 47906 NFO instruments
2026-01-23 20:11:42 - market_data.adapters.zerodha_options_chain - INFO - Filtered 0 BANKNIFTY26JANFUT options
2026-01-23 20:11:42 - market_data.adapters.zerodha_options_chain - WARNING - No options data available, initializing...
2026-01-23 20:11:42 - market_data.adapters.zerodha_options_chain - INFO - Initializing ZerodhaOptionsChainAdapter for BANKNIFTY26JANFUT
2026-01-23 20:11:42 - market_data.adapters.zerodha_options_chain - INFO - Downloading NFO instruments...
2026-01-23 20:11:49 - market_data.adapters.zerodha_options_chain - INFO - Loaded 47906 NFO instruments
2026-01-23 20:11:49 - market_data.adapters.zerodha_options_chain - INFO - Filtered 0 BANKNIFTY26JANFUT options
2026-01-23 20:11:50 - market_data.adapters.zerodha_options_chain - INFO - Retrieved last prices for 276 option contracts
2026-01-23 20:11:50 - market_data.adapters.zerodha_options_chain - INFO - Using underlying price 58473.1 for BANKNIFTY
2026-01-23 20:11:53 - market_data.adapters.zerodha_options_chain - INFO - Initializing ZerodhaOptionsChainAdapter for BANKNIFTY26JANFUT
2026-01-23 20:11:53 - market_data.adapters.zerodha_options_chain - INFO - Downloading NFO instruments...
2026-01-23 20:12:02 - market_data.adapters.zerodha_options_chain - INFO - Loaded 47906 NFO instruments
2026-01-23 20:12:02 - market_data.adapters.zerodha_options_chain - INFO - Filtered 0 BANKNIFTY26JANFUT options
2026-01-23 20:12:02 - market_data.adapters.zerodha_options_chain - WARNING - No options data available, initializing...
2026-01-23 20:12:02 - market_data.adapters.zerodha_options_chain - INFO - Initializing ZerodhaOptionsChainAdapter for BANKNIFTY26JANFUT
2026-01-23 20:12:02 - market_data.adapters.zerodha_options_chain - INFO - Downloading NFO instruments...
2026-01-23 20:12:08 - market_data.adapters.zerodha_options_chain - INFO - Loaded 47906 NFO instruments
2026-01-23 20:12:08 - market_data.adapters.zerodha_options_chain - INFO - Filtered 0 BANKNIFTY26JANFUT options
2026-01-23 20:12:08 - market_data.adapters.zerodha_options_chain - INFO - Retrieved last prices for 276 option contracts
2026-01-23 20:12:08 - market_data.adapters.zerodha_options_chain - INFO - Using underlying price 58473.1 for BANKNIFTY
2026-01-23 21:19:58 - market_data.tools.kite_auth_service - INFO - Token validated successfully for user: BV2032
2026-01-23 21:20:00 - market_data.adapters.redis_store - INFO - MarketStore: Detected BACKTEST mode (run_id: bt_2026-01-07_zerodha)
2026-01-23 21:20:03 - market_data.adapters.redis_store - INFO - Initialized technical indicators for BANKNIFTY with 100 OHLC bars
2026-01-23 21:20:04 - market_data.adapters.redis_store - INFO - Initialized technical indicators for BANKNIFTY26JANFUT with 100 OHLC bars
2026-01-23 21:20:04 - market_data.adapters.redis_store - INFO - Technical indicators service initialized in MarketStore (BACKTEST mode)
2026-01-23 21:20:04 - market_data.adapters.redis_store - INFO - MarketStore: Detected BACKTEST mode (run_id: bt_2026-01-07_zerodha)
2026-01-23 21:20:05 - market_data.adapters.redis_store - INFO - Initialized technical indicators for BANKNIFTY with 100 OHLC bars
2026-01-23 21:20:06 - market_data.adapters.redis_store - INFO - Initialized technical indicators for BANKNIFTY26JANFUT with 100 OHLC bars
2026-01-23 21:20:06 - market_data.adapters.redis_store - INFO - Technical indicators service initialized in MarketStore (BACKTEST mode)
2026-01-23 21:39:35 - market_data.tools.kite_auth_service - INFO - Token validated successfully for user: BV2032
2026-01-23 22:13:59 - market_data.tools.kite_auth_service - INFO - Token validated successfully for user: BV2032
2026-01-23 22:14:01 - market_data.adapters.redis_store - INFO - MarketStore: Detected BACKTEST mode (run_id: bt_2026-01-23_zerodha)
2026-01-23 22:14:02 - market_data.adapters.redis_store - INFO - Initialized technical indicators for BANKNIFTY26JANFUT with 100 OHLC bars
2026-01-23 22:14:03 - market_data.adapters.redis_store - INFO - Initialized technical indicators for BANKNIFTY with 100 OHLC bars
2026-01-23 22:14:03 - market_data.adapters.redis_store - INFO - Technical indicators service initialized in MarketStore (BACKTEST mode)
2026-01-23 22:14:03 - market_data.adapters.redis_store - INFO - MarketStore: Detected BACKTEST mode (run_id: bt_2026-01-23_zerodha)
2026-01-23 22:14:04 - market_data.adapters.redis_store - INFO - Initialized technical indicators for BANKNIFTY26JANFUT with 100 OHLC bars
2026-01-23 22:14:04 - market_data.adapters.redis_store - INFO - Initialized technical indicators for BANKNIFTY with 100 OHLC bars
2026-01-23 22:14:04 - market_data.adapters.redis_store - INFO - Technical indicators service initialized in MarketStore (BACKTEST mode)
2026-01-23 22:25:45 - market_data.tools.kite_auth_service - INFO - Token validated successfully for user: BV2032
2026-01-23 22:25:47 - market_data.adapters.redis_store - INFO - MarketStore: Detected BACKTEST mode (run_id: bt_2026-01-23_zerodha)
2026-01-23 22:25:49 - market_data.adapters.redis_store - INFO - Initialized technical indicators for BANKNIFTY26JANFUT with 100 OHLC bars
2026-01-23 22:25:49 - market_data.adapters.redis_store - INFO - Initialized technical indicators for BANKNIFTY with 100 OHLC bars
2026-01-23 22:25:50 - market_data.adapters.redis_store - INFO - Technical indicators service initialized in MarketStore (BACKTEST mode)
2026-01-23 22:25:50 - market_data.adapters.redis_store - INFO - MarketStore: Detected BACKTEST mode (run_id: bt_2026-01-23_zerodha)
2026-01-23 22:25:51 - market_data.adapters.redis_store - INFO - Initialized technical indicators for BANKNIFTY26JANFUT with 100 OHLC bars
2026-01-23 22:25:52 - market_data.adapters.redis_store - INFO - Initialized technical indicators for BANKNIFTY with 100 OHLC bars
2026-01-23 22:25:52 - market_data.adapters.redis_store - INFO - Technical indicators service initialized in MarketStore (BACKTEST mode)
2026-01-23 23:12:08 - market_data.tools.kite_auth_service - INFO - Token validated successfully for user: BV2032
2026-01-23 23:12:10 - market_data.adapters.redis_store - INFO - MarketStore: Detected BACKTEST mode (run_id: bt_2026-01-23_zerodha)
2026-01-23 23:12:13 - market_data.adapters.redis_store - INFO - Initialized technical indicators for BANKNIFTY with 100 OHLC bars
2026-01-23 23:12:14 - market_data.adapters.redis_store - INFO - Initialized technical indicators for BANKNIFTY26JANFUT with 100 OHLC bars
2026-01-23 23:12:14 - market_data.adapters.redis_store - INFO - Technical indicators service initialized in MarketStore (BACKTEST mode)
2026-01-23 23:12:14 - market_data.adapters.redis_store - INFO - MarketStore: Detected BACKTEST mode (run_id: bt_2026-01-23_zerodha)
2026-01-23 23:12:14 - market_data.adapters.redis_store - INFO - Initialized technical indicators for BANKNIFTY with 100 OHLC bars
2026-01-23 23:12:15 - market_data.adapters.redis_store - INFO - Initialized technical indicators for BANKNIFTY26JANFUT with 100 OHLC bars
2026-01-23 23:12:15 - market_data.adapters.redis_store - INFO - Technical indicators service initialized in MarketStore (BACKTEST mode)
2026-01-23 23:15:17 - market_data.tools.kite_auth_service - INFO - Token validated successfully for user: BV2032
2026-01-23 23:15:24 - market_data.adapters.redis_store - INFO - MarketStore: Detected BACKTEST mode (run_id: bt_2026-01-23_zerodha)
2026-01-23 23:15:26 - market_data.adapters.redis_store - INFO - Initialized technical indicators for BANKNIFTY26JANFUT with 100 OHLC bars
2026-01-23 23:15:27 - market_data.adapters.redis_store - INFO - Initialized technical indicators for BANKNIFTY with 100 OHLC bars
2026-01-23 23:15:27 - market_data.adapters.redis_store - INFO - Technical indicators service initialized in MarketStore (BACKTEST mode)
2026-01-23 23:15:27 - market_data.adapters.redis_store - INFO - MarketStore: Detected BACKTEST mode (run_id: bt_2026-01-23_zerodha)
2026-01-23 23:15:27 - market_data.adapters.redis_store - INFO - Initialized technical indicators for BANKNIFTY26JANFUT with 100 OHLC bars
2026-01-23 23:15:28 - market_data.adapters.redis_store - INFO - Initialized technical indicators for BANKNIFTY with 100 OHLC bars
2026-01-23 23:15:28 - market_data.adapters.redis_store - INFO - Technical indicators service initialized in MarketStore (BACKTEST mode)
2026-01-23 23:29:50 - market_data.tools.kite_auth_service - INFO - Token validated successfully for user: BV2032
2026-01-23 23:29:53 - market_data.adapters.redis_store - INFO - MarketStore: Detected BACKTEST mode (run_id: bt_2026-01-23_zerodha)
2026-01-23 23:29:58 - market_data.adapters.redis_store - INFO - Initialized technical indicators for BANKNIFTY26JANFUT with 100 OHLC bars
2026-01-23 23:29:59 - market_data.adapters.redis_store - INFO - Initialized technical indicators for BANKNIFTY with 100 OHLC bars
2026-01-23 23:29:59 - market_data.adapters.redis_store - INFO - Technical indicators service initialized in MarketStore (BACKTEST mode)
2026-01-23 23:29:59 - market_data.adapters.redis_store - INFO - MarketStore: Detected BACKTEST mode (run_id: bt_2026-01-23_zerodha)
2026-01-23 23:30:01 - market_data.adapters.redis_store - INFO - Initialized technical indicators for BANKNIFTY26JANFUT with 100 OHLC bars
2026-01-23 23:30:03 - market_data.adapters.redis_store - INFO - Initialized technical indicators for BANKNIFTY with 100 OHLC bars
2026-01-23 23:30:03 - market_data.adapters.redis_store - INFO - Technical indicators service initialized in MarketStore (BACKTEST mode)
2026-01-24 10:01:07 - market_data.tools.kite_auth_service - INFO - Token expired (23h limit)
2026-01-24 10:01:07 - market_data.tools.kite_auth_service - INFO - Attempting to refresh using enctoken...
2026-01-24 10:01:07 - market_data.tools.kite_auth_service - WARNING - Enctoken refresh not implemented - manual login required
2026-01-24 10:01:07 - market_data.tools.kite_auth_service - INFO - Triggering interactive login via in-package helper
2026-01-24 10:03:43 - market_data.tools.kite_auth_service - INFO - Token expired (23h limit)
2026-01-24 10:03:43 - market_data.tools.kite_auth_service - INFO - Attempting to refresh using enctoken...
2026-01-24 10:03:43 - market_data.tools.kite_auth_service - WARNING - Enctoken refresh not implemented - manual login required
2026-01-24 10:03:43 - market_data.tools.kite_auth_service - INFO - Triggering interactive login via in-package helper
2026-01-24 10:04:08 - market_data.tools.kite_auth_service - INFO - Credentials updated successfully
2026-01-24 10:04:08 - market_data.tools.kite_auth_service - INFO - Interactive login succeeded
2026-01-24 10:04:09 - market_data.tools.kite_auth_service - INFO - Token validated successfully for user: BV2032
2026-01-24 10:04:11 - market_data.adapters.redis_store - INFO - MarketStore: Detected BACKTEST mode (run_id: bt_2026-01-23_zerodha)
2026-01-24 10:04:50 - market_data.adapters.redis_store - INFO - Initialized technical indicators for BANKNIFTY with 100 OHLC bars
2026-01-24 10:04:50 - market_data.adapters.redis_store - INFO - Initialized technical indicators for BANKNIFTY26JANFUT with 100 OHLC bars
2026-01-24 10:04:50 - market_data.adapters.redis_store - INFO - Technical indicators service initialized in MarketStore (BACKTEST mode)
2026-01-24 10:04:50 - market_data.adapters.redis_store - INFO - MarketStore: Detected BACKTEST mode (run_id: bt_2026-01-23_zerodha)
2026-01-24 10:04:51 - market_data.adapters.redis_store - INFO - Initialized technical indicators for BANKNIFTY with 100 OHLC bars
2026-01-24 10:04:52 - market_data.adapters.redis_store - INFO - Initialized technical indicators for BANKNIFTY26JANFUT with 100 OHLC bars
2026-01-24 10:04:52 - market_data.adapters.redis_store - INFO - Technical indicators service initialized in MarketStore (BACKTEST mode)
2026-01-24 10:22:32 - market_data.tools.kite_auth_service - INFO - Token validated successfully for user: BV2032
2026-01-24 10:22:35 - market_data.adapters.redis_store - INFO - MarketStore: Detected BACKTEST mode (run_id: bt_2026-01-23_zerodha)
2026-01-24 10:22:36 - market_data.adapters.redis_store - INFO - Initialized technical indicators for BANKNIFTY with 100 OHLC bars
2026-01-24 10:22:36 - market_data.adapters.redis_store - INFO - Initialized technical indicators for BANKNIFTY26JANFUT with 100 OHLC bars
2026-01-24 10:22:36 - market_data.adapters.redis_store - INFO - Technical indicators service initialized in MarketStore (BACKTEST mode)
2026-01-24 10:22:36 - market_data.adapters.redis_store - INFO - MarketStore: Detected BACKTEST mode (run_id: bt_2026-01-23_zerodha)
2026-01-24 10:22:37 - market_data.adapters.redis_store - INFO - Initialized technical indicators for BANKNIFTY with 100 OHLC bars
2026-01-24 10:22:38 - market_data.adapters.redis_store - INFO - Initialized technical indicators for BANKNIFTY26JANFUT with 100 OHLC bars
2026-01-24 10:22:38 - market_data.adapters.redis_store - INFO - Technical indicators service initialized in MarketStore (BACKTEST mode)
2026-01-24 10:26:33 - market_data.tools.kite_auth_service - INFO - Token validated successfully for user: BV2032
2026-01-24 10:26:36 - market_data.adapters.redis_store - INFO - MarketStore: Detected BACKTEST mode (run_id: bt_2026-01-23_zerodha)
2026-01-24 10:26:38 - market_data.adapters.redis_store - INFO - Initialized technical indicators for BANKNIFTY with 100 OHLC bars
2026-01-24 10:26:39 - market_data.adapters.redis_store - INFO - Initialized technical indicators for BANKNIFTY26JANFUT with 100 OHLC bars
2026-01-24 10:26:39 - market_data.adapters.redis_store - INFO - Technical indicators service initialized in MarketStore (BACKTEST mode)
2026-01-24 10:26:39 - market_data.adapters.redis_store - INFO - MarketStore: Detected BACKTEST mode (run_id: bt_2026-01-23_zerodha)
2026-01-24 10:26:40 - market_data.adapters.redis_store - INFO - Initialized technical indicators for BANKNIFTY with 100 OHLC bars
2026-01-24 10:26:41 - market_data.adapters.redis_store - INFO - Initialized technical indicators for BANKNIFTY26JANFUT with 100 OHLC bars
2026-01-24 10:26:41 - market_data.adapters.redis_store - INFO - Technical indicators service initialized in MarketStore (BACKTEST mode)
2026-01-24 10:54:49 - market_data.tools.kite_auth_service - INFO - Token validated successfully for user: BV2032
2026-01-24 10:54:51 - market_data.adapters.redis_store - INFO - MarketStore: Detected BACKTEST mode (run_id: bt_2026-01-23_zerodha)
2026-01-24 10:54:53 - market_data.adapters.redis_store - INFO - Initialized technical indicators for BANKNIFTY with 100 OHLC bars
2026-01-24 10:54:55 - market_data.adapters.redis_store - INFO - Initialized technical indicators for BANKNIFTY26JANFUT with 100 OHLC bars
2026-01-24 10:54:55 - market_data.adapters.redis_store - INFO - Technical indicators service initialized in MarketStore (BACKTEST mode)
2026-01-24 10:54:55 - market_data.adapters.redis_store - INFO - MarketStore: Detected BACKTEST mode (run_id: bt_2026-01-23_zerodha)
2026-01-24 10:54:56 - market_data.adapters.redis_store - INFO - Initialized technical indicators for BANKNIFTY with 100 OHLC bars
2026-01-24 10:54:58 - market_data.adapters.redis_store - INFO - Initialized technical indicators for BANKNIFTY26JANFUT with 100 OHLC bars
2026-01-24 10:54:58 - market_data.adapters.redis_store - INFO - Technical indicators service initialized in MarketStore (BACKTEST mode)
2026-01-24 10:58:15 - market_data.tools.kite_auth_service - INFO - Token validated successfully for user: BV2032
2026-01-24 10:58:19 - market_data.adapters.redis_store - INFO - MarketStore: Detected BACKTEST mode (run_id: bt_2026-01-23_zerodha)
2026-01-24 10:58:28 - market_data.adapters.redis_store - INFO - Initialized technical indicators for BANKNIFTY26JANFUT with 100 OHLC bars
2026-01-24 10:58:30 - market_data.adapters.redis_store - INFO - Initialized technical indicators for BANKNIFTY with 100 OHLC bars
2026-01-24 10:58:30 - market_data.adapters.redis_store - INFO - Technical indicators service initialized in MarketStore (BACKTEST mode)
2026-01-24 10:58:31 - market_data.adapters.redis_store - INFO - MarketStore: Detected BACKTEST mode (run_id: bt_2026-01-23_zerodha)
2026-01-24 10:58:33 - market_data.adapters.redis_store - INFO - Initialized technical indicators for BANKNIFTY26JANFUT with 100 OHLC bars
2026-01-24 10:58:36 - market_data.adapters.redis_store - INFO - Initialized technical indicators for BANKNIFTY with 100 OHLC bars
2026-01-24 10:58:36 - market_data.adapters.redis_store - INFO - Technical indicators service initialized in MarketStore (BACKTEST mode)
2026-01-24 11:00:55 - market_data.tools.kite_auth_service - INFO - Token validated successfully for user: BV2032
2026-01-24 11:00:58 - market_data.adapters.redis_store - INFO - MarketStore: Detected BACKTEST mode (run_id: bt_2026-01-23_zerodha)
2026-01-24 11:01:01 - market_data.adapters.redis_store - INFO - Initialized technical indicators for BANKNIFTY26JANFUT with 100 OHLC bars
2026-01-24 11:01:02 - market_data.adapters.redis_store - INFO - Initialized technical indicators for BANKNIFTY with 100 OHLC bars
2026-01-24 11:01:02 - market_data.adapters.redis_store - INFO - Technical indicators service initialized in MarketStore (BACKTEST mode)
2026-01-24 11:01:02 - market_data.adapters.redis_store - INFO - MarketStore: Detected BACKTEST mode (run_id: bt_2026-01-23_zerodha)
2026-01-24 11:01:04 - market_data.adapters.redis_store - INFO - Initialized technical indicators for BANKNIFTY26JANFUT with 100 OHLC bars
2026-01-24 11:01:07 - market_data.adapters.redis_store - INFO - Initialized technical indicators for BANKNIFTY with 100 OHLC bars
2026-01-24 11:01:07 - market_data.adapters.redis_store - INFO - Technical indicators service initialized in MarketStore (BACKTEST mode)
2026-01-24 11:03:55 - market_data.tools.kite_auth_service - INFO - Token validated successfully for user: BV2032
2026-01-24 11:03:57 - market_data.adapters.redis_store - INFO - MarketStore: Detected BACKTEST mode (run_id: bt_2026-01-23_zerodha)
2026-01-24 11:03:58 - market_data.adapters.redis_store - INFO - Initialized technical indicators for BANKNIFTY with 100 OHLC bars
2026-01-24 11:03:58 - market_data.adapters.redis_store - INFO - Initialized technical indicators for BANKNIFTY26JANFUT with 100 OHLC bars
2026-01-24 11:03:58 - market_data.adapters.redis_store - INFO - Technical indicators service initialized in MarketStore (BACKTEST mode)
2026-01-24 11:03:58 - market_data.adapters.redis_store - INFO - MarketStore: Detected BACKTEST mode (run_id: bt_2026-01-23_zerodha)
2026-01-24 11:03:59 - market_data.adapters.redis_store - INFO - Initialized technical indicators for BANKNIFTY with 100 OHLC bars
2026-01-24 11:04:00 - market_data.adapters.redis_store - INFO - Initialized technical indicators for BANKNIFTY26JANFUT with 100 OHLC bars
2026-01-24 11:04:00 - market_data.adapters.redis_store - INFO - Technical indicators service initialized in MarketStore (BACKTEST mode)
2026-01-24 11:23:37 - market_data.tools.kite_auth_service - INFO - Token validated successfully for user: BV2032
2026-01-24 11:23:40 - market_data.adapters.redis_store - INFO - MarketStore: Detected BACKTEST mode (run_id: bt_2026-01-23_zerodha)
2026-01-24 11:23:41 - market_data.adapters.redis_store - INFO - Initialized technical indicators for BANKNIFTY with 100 OHLC bars
2026-01-24 11:23:42 - market_data.adapters.redis_store - INFO - Initialized technical indicators for BANKNIFTY26JANFUT with 100 OHLC bars
2026-01-24 11:23:42 - market_data.adapters.redis_store - INFO - Technical indicators service initialized in MarketStore (BACKTEST mode)
2026-01-24 11:23:42 - market_data.adapters.redis_store - INFO - MarketStore: Detected BACKTEST mode (run_id: bt_2026-01-23_zerodha)
2026-01-24 11:23:43 - market_data.adapters.redis_store - INFO - Initialized technical indicators for BANKNIFTY with 100 OHLC bars
2026-01-24 11:23:44 - market_data.adapters.redis_store - INFO - Initialized technical indicators for BANKNIFTY26JANFUT with 100 OHLC bars
2026-01-24 11:23:44 - market_data.adapters.redis_store - INFO - Technical indicators service initialized in MarketStore (BACKTEST mode)
2026-01-24 12:14:38 - market_data.tools.kite_auth_service - INFO - Token validated successfully for user: BV2032
2026-01-24 12:14:40 - market_data.adapters.redis_store - INFO - MarketStore: Detected BACKTEST mode (run_id: bt_2026-01-23_zerodha)
2026-01-24 12:14:40 - market_data.adapters.redis_store - INFO - Initialized technical indicators for TEST_INSTR with 1 OHLC bars
2026-01-24 12:14:41 - market_data.adapters.redis_store - INFO - Initialized technical indicators for BANKNIFTY with 100 OHLC bars
2026-01-24 12:14:41 - market_data.adapters.redis_store - INFO - Technical indicators service initialized in MarketStore (BACKTEST mode)
2026-01-24 12:14:42 - market_data.adapters.redis_store - INFO - MarketStore: Detected BACKTEST mode (run_id: bt_2026-01-23_zerodha)
2026-01-24 12:14:42 - market_data.adapters.redis_store - INFO - Initialized technical indicators for TEST_INSTR with 1 OHLC bars
2026-01-24 12:14:42 - market_data.adapters.redis_store - INFO - Initialized technical indicators for BANKNIFTY with 100 OHLC bars
2026-01-24 12:14:42 - market_data.adapters.redis_store - INFO - Technical indicators service initialized in MarketStore (BACKTEST mode)
2026-01-24 12:34:48 - market_data.tools.kite_auth_service - INFO - Token validated successfully for user: BV2032
2026-01-24 12:34:51 - market_data.adapters.redis_store - INFO - MarketStore: Detected BACKTEST mode (run_id: bt_2026-01-23_zerodha)
2026-01-24 12:34:52 - market_data.adapters.redis_store - INFO - Initialized technical indicators for BANKNIFTY with 100 OHLC bars
2026-01-24 12:34:52 - market_data.adapters.redis_store - INFO - Initialized technical indicators for TEST_INSTR with 1 OHLC bars
2026-01-24 12:34:52 - market_data.adapters.redis_store - INFO - Initialized technical indicators for BANKNIFTY26JANFUT with 100 OHLC bars
2026-01-24 12:34:52 - market_data.adapters.redis_store - INFO - Technical indicators service initialized in MarketStore (BACKTEST mode)
2026-01-24 12:34:52 - market_data.adapters.redis_store - INFO - MarketStore: Detected BACKTEST mode (run_id: bt_2026-01-23_zerodha)
2026-01-24 12:34:53 - market_data.adapters.redis_store - INFO - Initialized technical indicators for BANKNIFTY with 100 OHLC bars
2026-01-24 12:34:53 - market_data.adapters.redis_store - INFO - Initialized technical indicators for TEST_INSTR with 1 OHLC bars
2026-01-24 12:34:53 - market_data.adapters.redis_store - INFO - Initialized technical indicators for BANKNIFTY26JANFUT with 100 OHLC bars
2026-01-24 12:34:53 - market_data.adapters.redis_store - INFO - Technical indicators service initialized in MarketStore (BACKTEST mode)
2026-01-24 12:36:38 - market_data.tools.kite_auth_service - INFO - Token validated successfully for user: BV2032
2026-01-24 12:36:41 - market_data.adapters.redis_store - INFO - MarketStore: Detected BACKTEST mode (run_id: bt_2026-01-23_zerodha)
2026-01-24 12:36:41 - market_data.adapters.redis_store - INFO - Initialized technical indicators for TEST_INSTR with 1 OHLC bars
2026-01-24 12:36:42 - market_data.adapters.redis_store - INFO - Initialized technical indicators for BANKNIFTY with 100 OHLC bars
2026-01-24 12:36:42 - market_data.adapters.redis_store - INFO - Initialized technical indicators for BANKNIFTY26JANFUT with 100 OHLC bars
2026-01-24 12:36:42 - market_data.adapters.redis_store - INFO - Technical indicators service initialized in MarketStore (BACKTEST mode)
2026-01-24 12:36:42 - market_data.adapters.redis_store - INFO - MarketStore: Detected BACKTEST mode (run_id: bt_2026-01-23_zerodha)
2026-01-24 12:36:42 - market_data.adapters.redis_store - INFO - Initialized technical indicators for TEST_INSTR with 1 OHLC bars
2026-01-24 12:36:43 - market_data.adapters.redis_store - INFO - Initialized technical indicators for BANKNIFTY with 100 OHLC bars
2026-01-24 12:36:43 - market_data.adapters.redis_store - INFO - Initialized technical indicators for BANKNIFTY26JANFUT with 100 OHLC bars
2026-01-24 12:36:43 - market_data.adapters.redis_store - INFO - Technical indicators service initialized in MarketStore (BACKTEST mode)
2026-01-24 12:38:31 - market_data.tools.kite_auth_service - INFO - Token validated successfully for user: BV2032
2026-01-24 12:38:34 - market_data.adapters.redis_store - INFO - MarketStore: Detected BACKTEST mode (run_id: bt_2026-01-23_zerodha)
2026-01-24 12:38:35 - market_data.adapters.redis_store - INFO - Initialized technical indicators for BANKNIFTY with 100 OHLC bars
2026-01-24 12:38:35 - market_data.adapters.redis_store - INFO - Initialized technical indicators for BANKNIFTY26JANFUT with 100 OHLC bars
2026-01-24 12:38:35 - market_data.adapters.redis_store - INFO - Initialized technical indicators for TEST_INSTR with 1 OHLC bars
2026-01-24 12:38:35 - market_data.adapters.redis_store - INFO - Technical indicators service initialized in MarketStore (BACKTEST mode)
2026-01-24 12:38:35 - market_data.adapters.redis_store - INFO - MarketStore: Detected BACKTEST mode (run_id: bt_2026-01-23_zerodha)
2026-01-24 12:38:36 - market_data.adapters.redis_store - INFO - Initialized technical indicators for BANKNIFTY with 100 OHLC bars
2026-01-24 12:38:36 - market_data.adapters.redis_store - INFO - Initialized technical indicators for BANKNIFTY26JANFUT with 100 OHLC bars
2026-01-24 12:38:36 - market_data.adapters.redis_store - INFO - Initialized technical indicators for TEST_INSTR with 1 OHLC bars
2026-01-24 12:38:36 - market_data.adapters.redis_store - INFO - Technical indicators service initialized in MarketStore (BACKTEST mode)
2026-01-24 12:47:42 - market_data.tools.kite_auth_service - INFO - Token validated successfully for user: BV2032
2026-01-24 12:47:44 - market_data.adapters.redis_store - INFO - MarketStore: Detected BACKTEST mode (run_id: bt_2026-01-23_zerodha)
2026-01-24 12:47:44 - market_data.adapters.redis_store - INFO - Initialized technical indicators for TEST_INSTR with 1 OHLC bars
2026-01-24 12:47:45 - market_data.adapters.redis_store - INFO - Initialized technical indicators for BANKNIFTY with 100 OHLC bars
2026-01-24 12:47:46 - market_data.adapters.redis_store - INFO - Initialized technical indicators for BANKNIFTY26JANFUT with 100 OHLC bars
2026-01-24 12:47:46 - market_data.adapters.redis_store - INFO - Technical indicators service initialized in MarketStore (BACKTEST mode)
2026-01-24 12:47:46 - market_data.adapters.redis_store - INFO - MarketStore: Detected BACKTEST mode (run_id: bt_2026-01-23_zerodha)
2026-01-24 12:47:46 - market_data.adapters.redis_store - INFO - Initialized technical indicators for TEST_INSTR with 1 OHLC bars
2026-01-24 12:47:46 - market_data.adapters.redis_store - INFO - Initialized technical indicators for BANKNIFTY with 100 OHLC bars
2026-01-24 12:47:47 - market_data.adapters.redis_store - INFO - Initialized technical indicators for BANKNIFTY26JANFUT with 100 OHLC bars
2026-01-24 12:47:47 - market_data.adapters.redis_store - INFO - Technical indicators service initialized in MarketStore (BACKTEST mode)
2026-01-24 12:49:37 - market_data.tools.kite_auth_service - INFO - Token validated successfully for user: BV2032
2026-01-24 12:49:39 - market_data.adapters.redis_store - INFO - MarketStore: Detected BACKTEST mode (run_id: bt_2026-01-23_zerodha)
2026-01-24 12:49:40 - market_data.adapters.redis_store - INFO - Initialized technical indicators for BANKNIFTY with 100 OHLC bars
2026-01-24 12:49:41 - market_data.adapters.redis_store - INFO - Initialized technical indicators for BANKNIFTY26JANFUT with 100 OHLC bars
2026-01-24 12:49:41 - market_data.adapters.redis_store - INFO - Initialized technical indicators for TEST_INSTR with 1 OHLC bars
2026-01-24 12:49:41 - market_data.adapters.redis_store - INFO - Technical indicators service initialized in MarketStore (BACKTEST mode)
2026-01-24 12:49:41 - market_data.adapters.redis_store - INFO - MarketStore: Detected BACKTEST mode (run_id: bt_2026-01-23_zerodha)
2026-01-24 12:49:41 - market_data.adapters.redis_store - INFO - Initialized technical indicators for BANKNIFTY with 100 OHLC bars
2026-01-24 12:49:42 - market_data.adapters.redis_store - INFO - Initialized technical indicators for BANKNIFTY26JANFUT with 100 OHLC bars
2026-01-24 12:49:42 - market_data.adapters.redis_store - INFO - Initialized technical indicators for TEST_INSTR with 1 OHLC bars
2026-01-24 12:49:42 - market_data.adapters.redis_store - INFO - Technical indicators service initialized in MarketStore (BACKTEST mode)
2026-01-24 12:57:55 - market_data.tools.kite_auth_service - INFO - Token validated successfully for user: BV2032
2026-01-24 12:57:57 - market_data.adapters.redis_store - INFO - MarketStore: Detected BACKTEST mode (run_id: bt_2026-01-23_zerodha)
2026-01-24 12:57:57 - market_data.adapters.redis_store - INFO - Initialized technical indicators for TEST_INSTR with 1 OHLC bars
2026-01-24 12:57:58 - market_data.adapters.redis_store - INFO - Initialized technical indicators for BANKNIFTY26JANFUT with 100 OHLC bars
2026-01-24 12:57:59 - market_data.adapters.redis_store - INFO - Initialized technical indicators for BANKNIFTY with 100 OHLC bars
2026-01-24 12:57:59 - market_data.adapters.redis_store - INFO - Technical indicators service initialized in MarketStore (BACKTEST mode)
2026-01-24 12:57:59 - market_data.adapters.redis_store - INFO - MarketStore: Detected BACKTEST mode (run_id: bt_2026-01-23_zerodha)
2026-01-24 12:57:59 - market_data.adapters.redis_store - INFO - Initialized technical indicators for TEST_INSTR with 1 OHLC bars
2026-01-24 12:57:59 - market_data.adapters.redis_store - INFO - Initialized technical indicators for BANKNIFTY26JANFUT with 100 OHLC bars
2026-01-24 12:58:00 - market_data.adapters.redis_store - INFO - Initialized technical indicators for BANKNIFTY with 100 OHLC bars
2026-01-24 12:58:00 - market_data.adapters.redis_store - INFO - Technical indicators service initialized in MarketStore (BACKTEST mode)
2026-01-24 13:22:50 - market_data.tools.kite_auth_service - INFO - Token validated successfully for user: BV2032
2026-01-24 13:36:34 - market_data.tools.kite_auth_service - INFO - Token validated successfully for user: BV2032
2026-01-24 13:36:40 - market_data.adapters.redis_store - INFO - Technical indicators service initialized in MarketStore (LIVE mode)
2026-01-24 13:36:40 - market_data.adapters.redis_store - INFO - Technical indicators service initialized in MarketStore (LIVE mode)
2026-01-24 13:36:41 - market_data.adapters.redis_store - INFO - Technical indicators service initialized in MarketStore (LIVE mode)
2026-01-24 13:36:42 - market_data.adapters.redis_store - INFO - Technical indicators service initialized in MarketStore (LIVE mode)
2026-01-24 13:36:43 - market_data.adapters.redis_store - INFO - Technical indicators service initialized in MarketStore (LIVE mode)
2026-01-24 13:36:44 - market_data.adapters.redis_store - INFO - Technical indicators service initialized in MarketStore (LIVE mode)
2026-01-24 13:36:45 - market_data.adapters.redis_store - INFO - Technical indicators service initialized in MarketStore (LIVE mode)
2026-01-24 13:36:46 - market_data.adapters.redis_store - INFO - Technical indicators service initialized in MarketStore (LIVE mode)
2026-01-24 13:36:47 - market_data.adapters.redis_store - INFO - Technical indicators service initialized in MarketStore (LIVE mode)
2026-01-24 13:36:49 - market_data.adapters.redis_store - INFO - Technical indicators service initialized in MarketStore (LIVE mode)
2026-01-24 13:36:50 - market_data.adapters.redis_store - INFO - Technical indicators service initialized in MarketStore (LIVE mode)
2026-01-24 13:36:51 - market_data.adapters.redis_store - INFO - Technical indicators service initialized in MarketStore (LIVE mode)
2026-01-24 13:36:52 - market_data.adapters.redis_store - INFO - Technical indicators service initialized in MarketStore (LIVE mode)
2026-01-24 13:36:53 - market_data.adapters.redis_store - INFO - Technical indicators service initialized in MarketStore (LIVE mode)
2026-01-24 13:36:54 - market_data.adapters.redis_store - INFO - Technical indicators service initialized in MarketStore (LIVE mode)
2026-01-24 13:36:55 - market_data.adapters.redis_store - INFO - Technical indicators service initialized in MarketStore (LIVE mode)
2026-01-24 13:37:57 - market_data.tools.kite_auth_service - INFO - Token validated successfully for user: BV2032
2026-01-24 13:38:03 - market_data.adapters.redis_store - INFO - Technical indicators service initialized in MarketStore (LIVE mode)
2026-01-24 13:38:03 - market_data.adapters.redis_store - INFO - Technical indicators service initialized in MarketStore (LIVE mode)
2026-01-24 15:06:08 - market_data.tools.kite_auth_service - INFO - Token validated successfully for user: BV2032
2026-01-24 15:06:18 - market_data.adapters.redis_store - INFO - Initialized technical indicators for BANKNIFTY26JANFUT with 100 OHLC bars
2026-01-24 15:06:18 - market_data.adapters.redis_store - INFO - Technical indicators service initialized in MarketStore (LIVE mode)
2026-01-24 15:06:19 - market_data.adapters.redis_store - INFO - Initialized technical indicators for BANKNIFTY26JANFUT with 100 OHLC bars
2026-01-24 15:06:19 - market_data.adapters.redis_store - INFO - Technical indicators service initialized in MarketStore (LIVE mode)
2026-01-24 15:07:39 - market_data.tools.kite_auth_service - INFO - Token validated successfully for user: BV2032
2026-01-24 15:07:46 - market_data.adapters.redis_store - INFO - Initialized technical indicators for BANKNIFTY26JANFUT with 100 OHLC bars
2026-01-24 15:07:46 - market_data.adapters.redis_store - INFO - Technical indicators service initialized in MarketStore (LIVE mode)
2026-01-24 15:07:47 - market_data.adapters.redis_store - INFO - Initialized technical indicators for BANKNIFTY26JANFUT with 100 OHLC bars
2026-01-24 15:07:47 - market_data.adapters.redis_store - INFO - Technical indicators service initialized in MarketStore (LIVE mode)
2026-01-27 21:31:01 - market_data.tools.kite_auth_service - INFO - Token expired (23h limit)
2026-01-27 21:31:01 - market_data.tools.kite_auth_service - INFO - Attempting to refresh using enctoken...
2026-01-27 21:31:01 - market_data.tools.kite_auth_service - WARNING - Enctoken refresh not implemented - manual login required
2026-01-27 21:31:01 - market_data.tools.kite_auth_service - INFO - Triggering interactive login via in-package helper
2026-01-27 21:36:02 - market_data.tools.kite_auth_service - INFO - Launching CLI subprocess for interactive login
2026-01-27 21:44:31 - market_data.tools.kite_auth_service - INFO - Token expired (23h limit)
2026-01-27 21:44:31 - market_data.tools.kite_auth_service - INFO - Attempting to refresh using enctoken...
2026-01-27 21:44:31 - market_data.tools.kite_auth_service - WARNING - Enctoken refresh not implemented - manual login required
2026-01-27 21:44:31 - market_data.tools.kite_auth_service - INFO - Triggering interactive login via in-package helper
2026-01-27 21:45:06 - market_data.tools.kite_auth_service - INFO - Credentials updated successfully
2026-01-27 21:45:06 - market_data.tools.kite_auth_service - INFO - Interactive login succeeded
2026-01-27 21:45:07 - market_data.tools.kite_auth_service - INFO - Token validated successfully for user: BV2032
2026-01-31 17:57:21 - market_data.tools.kite_auth_service - INFO - Initializing KiteAuthService
2026-01-31 17:57:21 - market_data.tools.kite_auth_service - INFO - Redis client initialized successfully (host: localhost:6380)
2026-01-31 17:57:21 - market_data.tools.kite_auth_service - INFO - Token expired (23h limit)
2026-01-31 17:57:21 - market_data.tools.kite_auth_service - INFO - Initializing KiteAuthService
2026-01-31 17:57:21 - market_data.tools.kite_auth_service - INFO - Redis client initialized successfully (host: localhost:6380)
2026-01-31 17:57:21 - market_data.tools.kite_auth_service - INFO - Attempting to refresh using enctoken...
2026-01-31 17:57:21 - market_data.tools.kite_auth_service - WARNING - Enctoken refresh not implemented - manual login required
2026-01-31 17:57:21 - market_data.tools.kite_auth_service - INFO - Triggering interactive login via in-package helper
2026-01-31 17:58:30 - market_data.tools.kite_auth_service - INFO - Credentials updated successfully
2026-01-31 17:58:30 - market_data.tools.kite_auth_service - INFO - Interactive login succeeded
2026-01-31 17:58:30 - market_data.tools.kite_auth_service - INFO - Initializing KiteAuthService
2026-01-31 17:58:34 - market_data.tools.kite_auth_service - WARNING - Redis not available for auth status publishing: Error 10061 connecting to localhost:6380. No connection could be made because the target machine actively refused it.
2026-01-31 17:58:35 - market_data.tools.kite_auth_service - INFO - Token validated successfully for user: BV2032
